/*
 * Unless explicitly acquired and licensed from Licensor under another license, the contents of
 * this file are subject to the Reciprocal Public License ("RPL") Version 1.5, or subsequent
 * versions as allowed by the RPL, and You may not copy or use this file in either source code
 * or executable form, except in compliance with the terms and conditions of the RPL
 *
 * All software distributed under the RPL is provided strictly on an "AS IS" basis, WITHOUT
 * WARRANTY OF ANY KIND, EITHER EXPRESS OR IMPLIED, AND LICENSOR HEREBY DISCLAIMS ALL SUCH
 * WARRANTIES, INCLUDING WITHOUT LIMITATION, ANY WARRANTIES OF MERCHANTABILITY, FITNESS FOR A
 * PARTICULAR PURPOSE, QUIET ENJOYMENT, OR NON-INFRINGEMENT. See the RPL for specific language
 * governing rights and limitations under the RPL.
 *
 * http://opensource.org/licenses/RPL-1.5
 *
 * Copyright 2012-2015 Open Justice Broker Consortium
 */
/*This is the default test data loaded into h2 when this is deployed */

insert into subscription(id, topic, startDate, endDate, lastValidationDate, subscribingSystemIdentifier, subscriptionOwner, subjectName, active) values ('62720','{http://ojbc.org/wsn/topics}:person/incident', '2011-10-19', NULL, '2011-10-19', '{http://demostate.gov/SystemNames/1.0}SystemC', 'OJBC:IDP:OJBC:USER:admin', 'MICHAEL Smith-Jones', '1');
insert into subscription(id, topic, startDate, endDate, lastValidationDate, subscribingSystemIdentifier, subscriptionOwner, subjectName, active) values ('62721','{http://ojbc.org/wsn/topics}:person/incident', '2011-10-19', NULL, '2011-10-19', '{http://demostate.gov/SystemNames/1.0}SystemC', 'OJBC:IDP:OJBC:USER:admin', 'MICHAEL Smith-Jones', '1');
insert into subscription(id, topic, startDate, endDate, lastValidationDate, subscribingSystemIdentifier, subscriptionOwner, subjectName, active) values ('62722','{http://ojbc.org/wsn/topics}:person/incident', '2011-10-19', NULL, '2011-10-19', '{http://demostate.gov/SystemNames/1.0}SystemC', 'OJBC:IDP:OJBC:USER:admin', 'MICHAEL Smith-Jones', '1');
insert into subscription(id, topic, startDate, endDate, lastValidationDate, subscribingSystemIdentifier, subscriptionOwner, subjectName, active) values ('62723','{http://ojbc.org/wsn/topics}:person/civilArrest', '2014-10-19', '2015-10-19', '2014-10-19', '{http://demostate.gov/SystemNames/1.0}SystemC', 'OJBC:IDP:OJBC:USER:admin', 'Test W Jane', '1');
insert into subscription(id, topic, startDate, endDate, lastValidationDate, subscribingSystemIdentifier, subscriptionOwner, subjectName, active) values ('62724','{http://ojbc.org/wsn/topics}:person/civilArrest', '2014-10-19', '2015-10-19', '2014-10-19', '{http://demostate.gov/SystemNames/1.0}SystemC', 'OJBC:IDP:OJBC:USER:admin', 'Test W Jane', '1');
insert into notification_mechanism(subscriptionId,notificationMechanismType,notificationAddress) values('62721', 'email', 'email4@email.com');
insert into notification_mechanism(subscriptionId,notificationMechanismType,notificationAddress) values('62721', 'email', 'email101@email.com');

insert into notification_mechanism(subscriptionId,notificationMechanismType,notificationAddress) values('62720', 'email', 'email100@email.com');
insert into notification_mechanism(subscriptionId,notificationMechanismType,notificationAddress) values('62720', 'email', 'email2@email.com');

insert into notification_mechanism(subscriptionId,notificationMechanismType,notificationAddress) values('62723', 'email', 'email5@email.com');
insert into notification_mechanism(subscriptionId,notificationMechanismType,notificationAddress) values('62723', 'email', 'email103@email.com');

insert into notification_mechanism(subscriptionId,notificationMechanismType,notificationAddress) values('62724', 'email', 'email105@email.com');
insert into notification_mechanism(subscriptionId,notificationMechanismType,notificationAddress) values('62724', 'email', 'email6@email.com');

insert into subscription_subject_identifier(subscriptionId, identifierName, identifierValue) values('62720', 'subscriptionQualifier', '2109639');
insert into subscription_subject_identifier(subscriptionId, identifierName, identifierValue) values('62720', 'dateOfBirth', '1960-10-02');
insert into subscription_subject_identifier(subscriptionId, identifierName, identifierValue) values('62720', 'firstName', 'MICHAEL');
insert into subscription_subject_identifier(subscriptionId, identifierName, identifierValue) values('62720', 'lastName', 'Smith-Jones');

insert into subscription_subject_identifier(subscriptionId, identifierName, identifierValue) values('62721', 'subscriptionQualifier', '2110217');
insert into subscription_subject_identifier(subscriptionId, identifierName, identifierValue) values('62721', 'dateOfBirth', '1980-06-16');
insert into subscription_subject_identifier(subscriptionId, identifierName, identifierValue) values('62721', 'firstName', 'MICHAEL');
insert into subscription_subject_identifier(subscriptionId, identifierName, identifierValue) values('62721', 'lastName', 'Jones-Smith');

insert into subscription_subject_identifier(subscriptionId, identifierName, identifierValue) values('62723', 'subscriptionQualifier', '2110223');
insert into subscription_subject_identifier(subscriptionId, identifierName, identifierValue) values('62723', 'dateOfBirth', '1990-10-12');
insert into subscription_subject_identifier(subscriptionId, identifierName, identifierValue) values('62723', 'firstName', 'Test');
insert into subscription_subject_identifier(subscriptionId, identifierName, identifierValue) values('62723', 'lastName', 'Jane');

insert into subscription_subject_identifier(subscriptionId, identifierName, identifierValue) values('62724', 'subscriptionQualifier', '2110224');
insert into subscription_subject_identifier(subscriptionId, identifierName, identifierValue) values('62724', 'dateOfBirth', '1990-10-12');
insert into subscription_subject_identifier(subscriptionId, identifierName, identifierValue) values('62724', 'firstName', 'Test');
insert into subscription_subject_identifier(subscriptionId, identifierName, identifierValue) values('62724', 'lastName', 'Jane');

insert into finger_prints_type(finger_prints_type_id, finger_prints_type) values('1', 'FBI'); 
insert into finger_prints_type(finger_prints_type_id, finger_prints_type) values('2', 'State'); 

insert into results_sender(results_sender_id, results_sender) values('1', 'FBI'); 
insert into results_sender(results_sender_id, results_sender) values('2', 'State');

insert into rap_back_category(rap_back_category_code, rap_back_category_description) values('F', 'Firearms'); 
insert into rap_back_category(rap_back_category_code, rap_back_category_description) values('I', 'Volunteer, Child Care/School Employee, Non-Criminal Justice Employment and Licensing'); 
insert into rap_back_category(rap_back_category_code, rap_back_category_description) values('J', 'Criminal Justice Employment'); 
insert into rap_back_category(rap_back_category_code, rap_back_category_description) values('CI', 'Criminal Justice Investigative'); 
insert into rap_back_category(rap_back_category_code, rap_back_category_description) values('CS', 'Criminal Justice - Supervision'); 
insert into rap_back_category(rap_back_category_code, rap_back_category_description) values('S', 'Security Clearance Information Act'); 

insert into rap_back_activity_notification_format(rap_back_activity_notification_format_code, rap_back_activity_notification_format_desc)
	values('1', 'Pre-Notification');
insert into rap_back_activity_notification_format(rap_back_activity_notification_format_code, rap_back_activity_notification_format_desc)
	values('2', 'Triggering Event');
insert into rap_back_activity_notification_format(rap_back_activity_notification_format_code, rap_back_activity_notification_format_desc)
	values('3', 'Identity History Summary to include the triggering event');
	
insert into rap_back_subscription_term(rap_back_subscription_term_code, rap_back_subscription_term_desc)
	values('2', 'Two year subscription term');
insert into rap_back_subscription_term(rap_back_subscription_term_code, rap_back_subscription_term_desc)
	values('5', 'Five year subscription term');
insert into rap_back_subscription_term(rap_back_subscription_term_code, rap_back_subscription_term_desc)
	values('L', 'Lifetime subscription term');
	
insert into IDENTIFICATION_SUBJECT(subject_id, ucn, civil_sid, criminal_sid, dob, first_name, last_name, middle_initial, sex_code) 
	values ('1', 'B1234568','A123457', 'C1234567', '1990-10-12', 'Test', 'Jane', 'W','F');
insert into IDENTIFICATION_SUBJECT(subject_id, ucn, civil_sid, criminal_sid, dob, first_name, last_name, middle_initial, sex_code) 
	values ('2', 'B1234569','A123458', 'C1234568', '1987-10-10', 'Bart', 'Simpson', 'C','M');

insert into IDENTIFICATION_TRANSACTION (TRANSACTION_NUMBER, SUBJECT_ID, OTN, OWNER_ORI, OWNER_PROGRAM_OCA, IDENTIFICATION_CATEGORY, ARCHIVED, Subscription_ID) 
	values ('000001820140729014008339990', '1', '12343', '68796860', 'ID12345', 'I', 'false', '62724');
insert into IDENTIFICATION_TRANSACTION (TRANSACTION_NUMBER, SUBJECT_ID, OTN, OWNER_ORI, OWNER_PROGRAM_OCA, IDENTIFICATION_CATEGORY, ARCHIVED) 
	values ('000001820140729014008339991', '2', '12344', '68796860', 'ID12345', 'CAR', 'false');
insert into IDENTIFICATION_TRANSACTION (TRANSACTION_NUMBER, SUBJECT_ID, OTN, OWNER_ORI, OWNER_PROGRAM_OCA, IDENTIFICATION_CATEGORY, ARCHIVED, Subscription_ID) 
	values ('000001820140729014008339993', '1', '12343', '1234567890', 'ID12345', 'I', 'false', '62723');
insert into IDENTIFICATION_TRANSACTION (TRANSACTION_NUMBER, SUBJECT_ID, OTN, OWNER_ORI, OWNER_PROGRAM_OCA, IDENTIFICATION_CATEGORY, ARCHIVED) 
	values ('000001820140729014008339994', '2', '12344', '1234567890', 'ID12345', 'CAR', 'false');
	
/*http://stackoverflow.com/questions/2607326/insert-a-blob-via-a-sql-script*/
insert into CIVIL_FINGER_PRINTS (TRANSACTION_NUMBER, FINGER_PRINTS_FILE, TRANSACTION_TYPE, FINGER_PRINTS_TYPE_ID) 
	values ('000001820140729014008339990', '78DA7373F274CE2CCBCC71CBCC4B4F2D0A28CACC2B2906004B1A07A4', 'Transaction', '1');
insert into CIVIL_FINGER_PRINTS (TRANSACTION_NUMBER, FINGER_PRINTS_FILE, TRANSACTION_TYPE, FINGER_PRINTS_TYPE_ID) 
	values ('000001820140729014008339990', '78DA0B2E492C4975CE2CCBCC71CBCC4B4F2D0A28CACC2B290600638C08D4', 'Transaction', '2');
insert into CIVIL_FINGER_PRINTS (TRANSACTION_NUMBER, FINGER_PRINTS_FILE, TRANSACTION_TYPE, FINGER_PRINTS_TYPE_ID) 
	values ('000001820140729014008339993', '78DA7373F274CE2CCBCC71CBCC4B4F2D0A28CACC2B2906004B1A07A4', 'Transaction', '1');
insert into CIVIL_FINGER_PRINTS (TRANSACTION_NUMBER, FINGER_PRINTS_FILE, TRANSACTION_TYPE, FINGER_PRINTS_TYPE_ID) 
	values ('000001820140729014008339993', '78DA0B2E492C4975CE2CCBCC71CBCC4B4F2D0A28CACC2B290600638C08D4', 'Transaction', '2');

--insert into CRIMINAL_FINGER_PRINTS (TRANSACTION_NUMBER, FINGER_PRINTS_FILE, TRANSACTION_TYPE, FINGER_PRINTS_TYPE_ID) 
--	values ('000001820140729014008339991', RAWTOHEX('FBICriminalFingerPrints'), 'Transaction', '1');
--insert into CRIMINAL_FINGER_PRINTS (TRANSACTION_NUMBER, FINGER_PRINTS_FILE, TRANSACTION_TYPE, FINGER_PRINTS_TYPE_ID) 
--	values ('000001820140729014008339991', RAWTOHEX('StateCriminalFingerPrints'), 'Transaction', '2');

insert into CIVIL_INITIAL_RESULTS (CIVIL_INITIAL_RESULT_ID,TRANSACTION_NUMBER, SEARCH_RESULT_FILE, 
	TRANSACTION_TYPE, RESULTS_SENDER_ID)
	values ('1', '000001820140729014008339990', '78DAAD56DB6EDA40107D47E21FA60F2DAD14C72609101C83E40229A0042A20EAF3628FE3558CEDEEAE4368D47FEFAC3125516EE482846DADE7CC39677677D64EA81651DB0991F96D47AA5584A05629B62A0A6F94E9495969974BCE27C380146E537689C65C20BB3258A050D8C0A2255BC9BF60189B30E5C36D90C4CA08D882472B1BCE328FFB0C3A492C9308F760C6172861844B98240B169F401E2DF91F041BAAF5F4E65EB6F0A3B299B9B9B663E656CB251A9A27FEAAED283627D34BEEABB055A95AD6E70ACC13E1A368552C6D1E1C2528CA27AFFC326E553C8CC97A5E9687D03BF144A52FFABF86D0BB2E53686AC936580DF3D0320FAC6A0DAC43FBE8187E9E6B9545E8166BAE2FE2D9CCCE7436198F7EB49D0B0AEBB325E31C3A822F78CC22186652710F81C8A9703940335D509A0DEC195AD0B1B9D13738BEA76BE0D3200FB8C7144F629822135E08139459A45E294889F5F3230F2F687D7232DD348D485A9C4BD9D6FCC978D29DD222440844B280D3EF03F83A9DF4BE3D82DE51E823CBEB1E758481D2C323A697CFAC379DEDC1D01DF59ED5BB0175C7DF6D38672BA836A0DA6C1CEF049A4E4736D41A35A3D9341AF5467D3710DED870DA3B77CF765336611ED9E9BBBFDCC1C01DED5CBE67F8EF2C2BF2ECCE3AFD0FC83AE8DAE0D68E1B87D57A6D275F7A45BC69AA7260B698EBF6DA3CA09F65BD5FFF784653691D59967570B4938A71C75D2B7F3FB77B89B147ADBBDF19763BAF4CA7AF0F12CE422E41A0475D1A422681098152C9F54EF47910A0A04D0432C9848772BF5CFA12CF657AA281083CE68A5357D465169B3DBCE451446F7CDD9BE800A4B002AC4F09012691B2D8875592810C932CF2C1A36386C7190527E085E85D414603D1FF945A156A91C8AFD15F4B6344F250940BBF33142B48822D596738981A451F2F08E708298A20110B4A47A40295E078BD565B847A9B964F055209E52C8AC4638DCBDBEE7E3101F9EDE529289AD4F6BE3E33CDFCABA15CFA072B1D8289', 'Transaction', '1');
insert into CIVIL_INITIAL_RESULTS (CIVIL_INITIAL_RESULT_ID,TRANSACTION_NUMBER, SEARCH_RESULT_FILE, 
	TRANSACTION_TYPE,  RESULTS_SENDER_ID) 
	values ('2', '000001820140729014008339990', '78DAAD555D6FA240147D37F13FDC3E6C782961F00B659184A25D35151BA1D9E70106992C5F81314A9BFDEF3B608D356B5DBA2D09C36438E7DE73EEDCCC68218B235D0B09F675AD606544809519190B8CEC99E41585A0B75BDA8D2842062F19DE10D1CD09FE25E280915C051CED7059FC06513CC2980F2F419A3031C0318D4A151EB61EF531986952A411B90587C6A4008BEC609DC638F90E35BAA0CF04549007D9FE2C5AF855D1A4DA9CAE49B5D5768B2FB9A95FEA1AC32E37BDA33E0BC7828CD03701DC34F7493E1650651E34967394CFBDD24D32163C9270EB7559FEA6BEC1F354D550BD070AFF37C18C4895641590227591D441721F5057ED0DE17159A97C859EB8D261C8AF46D66C67BDB27EE8DA1387CDF00E530A664E639AE00816DB82518F004FCE0B5713AA4C4F3CCC9176252D54D8DAE87F383ED335F7F9220DA887194D13B009CEBD10D6A4D846EC8382587E985F98FC43EBBB9B696459C4A525B59453CDDFC573DD196F4202419EC66033BEB317980D455E68ADB3B4110958B56CE1AA759CA9EDDCC2C2B0A657B51E4993D59D0A4B5C82AC803C52868D48B66DA9D057FAE268242A0365D08C44F62ADC4F97C64333656BEC713B33E3A7319F1B56E3F25DC9FFA6A5B867C331675F10753E51C1E80F95AE3CE837F2757F37076B1BBBD50939EAF007A1CFCB58397C47500F21D4E93552B1328D43AF7C3EB7B12189C74FDF99B998981F09F7DAE8A7EFE1CC95EA5BA7DDFA0317F7EFEF', 'Transaction', '2');
insert into CIVIL_INITIAL_RESULTS (CIVIL_INITIAL_RESULT_ID,TRANSACTION_NUMBER, SEARCH_RESULT_FILE, 
	TRANSACTION_TYPE, RESULTS_SENDER_ID)
	values ('3', '000001820140729014008339993', '78DAAD56DB6EDA40107D47E21FA60F2DAD14C72609101C83E40229A0042A20EAF3628FE3558CEDEEAE4368D47FEFAC3125516EE482846DADE7CC39677677D64EA81651DB0991F96D47AA5584A05629B62A0A6F94E9495969974BCE27C380146E537689C65C20BB3258A050D8C0A2255BC9BF60189B30E5C36D90C4CA08D882472B1BCE328FFB0C3A492C9308F760C6172861844B98240B169F401E2DF91F041BAAF5F4E65EB6F0A3B299B9B9B663E656CB251A9A27FEAAED283627D34BEEABB055A95AD6E70ACC13E1A368552C6D1E1C2528CA27AFFC326E553C8CC97A5E9687D03BF144A52FFABF86D0BB2E53686AC936580DF3D0320FAC6A0DAC43FBE8187E9E6B9545E8166BAE2FE2D9CCCE7436198F7EB49D0B0AEBB325E31C3A822F78CC22186652710F81C8A9703940335D509A0DEC195AD0B1B9D13738BEA76BE0D3200FB8C7144F629822135E08139459A45E294889F5F3230F2F687D7232DD348D485A9C4BD9D6FCC978D29DD222440844B280D3EF03F83A9DF4BE3D82DE51E823CBEB1E758481D2C323A697CFAC379DEDC1D01DF59ED5BB0175C7DF6D38672BA836A0DA6C1CEF049A4E4736D41A35A3D9341AF5467D3710DED870DA3B77CF765336611ED9E9BBBFDCC1C01DED5CBE67F8EF2C2BF2ECCE3AFD0FC83AE8DAE0D68E1B87D57A6D275F7A45BC69AA7260B698EBF6DA3CA09F65BD5FFF784653691D59967570B4938A71C75D2B7F3FB77B89B147ADBBDF19763BAF4CA7AF0F12CE422E41A0475D1A422681098152C9F54EF47910A0A04D0432C9848772BF5CFA12CF657AA281083CE68A5357D465169B3DBCE451446F7CDD9BE800A4B002AC4F09012691B2D8875592810C932CF2C1A36386C7190527E085E85D414603D1FF945A156A91C8AFD15F4B6344F250940BBF33142B48822D596738981A451F2F08E708298A20110B4A47A40295E078BD565B847A9B964F055209E52C8AC4638DCBDBEE7E3101F9EDE529289AD4F6BE3E33CDFCABA15CFA072B1D8289', 'Transaction', '1');
insert into CIVIL_INITIAL_RESULTS (CIVIL_INITIAL_RESULT_ID,TRANSACTION_NUMBER, SEARCH_RESULT_FILE, 
	TRANSACTION_TYPE,  RESULTS_SENDER_ID) 
	values ('4', '000001820140729014008339993', '78DAAD555D6FA240147D37F13FDC3E6C782961F00B659184A25D35151BA1D9E70106992C5F81314A9BFDEF3B608D356B5DBA2D09C36438E7DE73EEDCCC68218B235D0B09F675AD606544809519190B8CEC99E41585A0B75BDA8D2842062F19DE10D1CD09FE25E280915C051CED7059FC06513CC2980F2F419A3031C0318D4A151EB61EF531986952A411B90587C6A4008BEC609DC638F90E35BAA0CF04549007D9FE2C5AF855D1A4DA9CAE49B5D5768B2FB9A95FEA1AC32E37BDA33E0BC7828CD03701DC34F7493E1650651E34967394CFBDD24D32163C9270EB7559FEA6BEC1F354D550BD070AFF37C18C4895641590227591D441721F5057ED0DE17159A97C859EB8D261C8AF46D66C67BDB27EE8DA1387CDF00E530A664E639AE00816DB82518F004FCE0B5713AA4C4F3CCC9176252D54D8DAE87F383ED335F7F9220DA887194D13B009CEBD10D6A4D846EC8382587E985F98FC43EBBB9B696459C4A525B59453CDDFC573DD196F4202419EC66033BEB317980D455E68ADB3B4110958B56CE1AA759CA9EDDCC2C2B0A657B51E4993D59D0A4B5C82AC803C52868D48B66DA9D057FAE268242A0365D08C44F62ADC4F97C64333656BEC713B33E3A7319F1B56E3F25DC9FFA6A5B867C331675F10753E51C1E80F95AE3CE837F2757F37076B1BBBD50939EAF007A1CFCB58397C47500F21D4E93552B1328D43AF7C3EB7B12189C74FDF99B998981F09F7DAE8A7EFE1CC95EA5BA7DDFA0317F7EFEF', 'Transaction', '2');
	
insert into CIVIL_INITIAL_RAP_SHEET (CIVIL_INITIAL_RESULT_ID, RAP_SHEET, TRANSACTION_TYPE) values ('1', '78DAB558DB6EDB48127D37E07F68CC0E307620D9A415DD122CB02DB2657542911A5EEC78DE1889B63923915A928AD7F3F57BAA49EA6253CE22C87680D8EEAEEBA9EAAA6A1A9FA4E70BCFBF383D31DC8BDB9BF148DA634DBB30EAFD7753579A57BDBEDE7B0F1AFF8B7F48787AA20F3E74DF33AD7FD9D12EAF34BDCB34ADDB6BDED73A3A9B7C2957256B62BA975796A66BFA70D6DAA93A3DE1BE7DF989DB829115EC1FBA5632BD6B5C8C19AE9C4A9B5B6C02BB1DF78EB9C2705C93B1668677A727C764D512655264E962332FE234392A662BCB7F8C7396856B963F4651C19EC29CAD157BB46071C2B2285FA7491EB12265C563C4EED3E5327D8A93079CFC7B13E5C50712024C99BD597D8D3276B08635646E49CCE4E290E0F464B6C9D629E41BE922DA3F9140B228A2A4F4E2601DA0ABE97AB7F42382BDF769B60A150B6C2F0E5DC31FF9E6EB9FD1BC78EDCC3CFC168545AE9C616781F79151E4DB5ABFDDD1CE7FEE560978344FB30599F435CC81749A2C9FF19FB28AC04C4A30E1C473BAC96AACDB81617F00665B5847D13CDC00BC70B188C9EB9CA5195B44CBA8FC63153EB3AF117E00DAB06061F2CC8A7815B558C892E80982E6E9FA19E8A49BE582082B35B0E7E9314A40132DF03B3025E0723A4C0A067D17A55BA72787BE1E2C1FF95CE7327EF382D12761F8CC777022B6C463C7B29C5B695FB3C0138CDB26849AD2F304DD095F3A364478BE2B0DFADD035BC519D8A670D9CC756EA44727CC133E84B9FE84499BF9D2B70499376831C3310573C66C2CC0C12DA4A2B80E2C25DB6367C6D83D6F8159C9675DED42BF6AB1910331D7CE8D70EDA9B07DDC4DE4224CB31D7B7FF7F4043FA42F85C778E04F1C57FE214C7210BE4E25CC815BC29DB9D2F6BDCA35E021E48D50219626B18FA5A16C5167C0CA63D300896D3B38BA23A8E08F296FA41970CB83843DA1A46CC27D45B4AFEBF4E4565A161B09C25419644C84F159D16DAB0D0AD841BDF10823256924512E0F8DDBD18C7C2E6D081DBBCE549197777FCAEFB6FA3CC712D61D0503B90E8A59E0CE1C04D715BF07882528080BE28093C4B51F719C3A81EF41BD925EE205DF402366DCF509F916B62D45CAAF856DDC31C7658818F20161DA054205E7EE0295645CE10893A615D8F0A9925FE5670D9532E677804DF0739BF1D9CC020AA495189C313091C06FCA3F53D6AA5C36852FDC6DC202C7D3132F903E1F490B1610120C3284ED1107FE10D399E5DC912BCC9B70844AE571E9325CA83556F83AB319F23AB04914C5D2013714B6489241EC02A157B4DC3002971320E356296BCF6748321CBB0A9FB4EB58B3C6485F30756E0A439A0AFDADDF706DE20496A98207D632474BF7C40BE7469C402DA13EB44592397B0108608255FAB0F57EC23D64874008C6603429DC7449B8E7D87C84EBEDCBA9282306112ED51602A442E765C4155A24112E590A02DF41E070571DF8CAC99CDD3D63958BC8CD19CA4F3015A5BBD781B47C42170C7784BD7B2D2EB94B150AD7000A6E27D298949EB982B2CA76E8664222920A97402AE73DBFCCF3831474287B5516DF4A6F2FA784B9CBE01D36A099A0ECA874287DDF13C5A94EA0FE805C70D723CFEA68FF96339A8F1879EAED5F6CEF0E3773DA7AA1A60E361A0DB64DF0ECD71C64AD21CCC0AD0C9970E4618BED05239899BC0A455DDE1877E15C43B156A57AECEE6AB1DEBBE8D0E0F69D0EBADA60AA40EBDA6CBB287AE63C4DFEDC24E500F414178FAAADCE375946FD8B5A7CB85E2FE3793928B4AB6EF842E0AE1752FFBBDF149B2C3ADEFBF872C942C8072F746471949311451827E518A54611BA6E959610C2EACEAF2CBAC7141265EB2C8685F374B50EB338A7161E260BB68E3292544F2D79B8A25167117F8B179B7089FC68B288E6211A0DD2FB6A0EDA4E1C59F4B05986E4D9D767B60C9F28C1D47484B90F222B8FC9A8F4FE3E9EC7E1B21444E09239D554B1439CC8C9B07535CA6DA1BBA001EF75FCDE1C60D9CB8AC4BE33C07AD54C670396B35C89FF247C8FEEBC1A14511F50875AE5C0C8CEF8677E4E375F54C7137ECBA53C3CF0020F25A1DE1A5BD4557DC7C6093AEB946F4F6A3D28ACB614AFB6AF85830AE1FBBB13B2A159EFDEC994BBF29045B8A5F977DBDD9DDB6694CFB3784DA9FCD624EE1588388DDF4D87D5283EBCC2D2B45727BEAD0D07FD5EF77D879DF9F6393BB26EFC21AD013BBBF15F8D83BB3591BC3BE877F45E979D4DE41B84168739DD5E077456E573AAB2D18B7097E3E2F9B82FB547B5DD57F8F5AADF19747A83E1E949B7DF1D0EFBBD7E8F64426AF49F4676379C47ECAD05B4A355B86C20BA7D8C8B88644FA2F8E1B1682038B26F529470654771563CC2D2DFB4C12F0D9A755D6BB4481FF6AEDA9ADED67AC7613DB6F461BFDFD6B51FE4EDE93FAEB7DB53BCFA0FF16A3FCEDB1FB4B56E5BEFAB4085718637E8327D914EE2396ADA6E4E8751963E250D27A3E5466583370FB3BCC5A661F6177E502DF5C3A248D31C35EAC5F3779B10BBEB8D3A93AE56682F15AF5C850F1158314E303E3231901F2ED40CEEFB8E4393863A1734E6608846139EBE52D4C2AEAABA34E581A045CF1D6F8609107BE0BBB6388674AF81EF96A60C569F97F6B80D3AF6ED71E5F5A4B4A3BC83B3255DB63AF1773C069EB57F4749FE18AF8F81EE474912E579F412BE2089A9C7A9C297975ADE6A3C0D5F62D8DB8DE79F6F2F663CCF511B344D676F13E21D1966CB986607F18D26145504CA141D0EDB7A99DEED9FB49001E59CB2D5B2BB103B6D158D8111E5A0CA7EFF84BEA6F08728993F6FEBA8D4B4F7BA86C6E219D20F68249C39F462C0303EA3AF728F61F6D090FC7B77BA22B110D10C0D8046CA31464CBCC5D9AF3A7DCB7BD1ECA26F916A104882BF12BA93C7B55C1DD7428DF853C06D0E7B29B7D5C45C7E79D099F3C7FFA2F5E745CD4837198216E718B1E2BD8F6267DB343BAF895EC586D5278781A98F7E2EFE07269E619EB77DBCD2F170E8B1A9431F8266C22D5F12B79778428CCEFFEFB17961D158BDFF7EC5A473FE464160F4E1457C51AF3DFACC409F79BE53101AD02D13A321ED3FEEAEC5C72DA75885F192F1C502172927CE4D9948FF5AA6F370F998E60548CB53F5A1F2D884E5CC30AABA926957838EAE0F3AC3AACABE63F44FD82679553DC8CABDFF02322F8890', 'Transaction');	
insert into CIVIL_INITIAL_RAP_SHEET (CIVIL_INITIAL_RESULT_ID, RAP_SHEET, TRANSACTION_TYPE) values ('1', '78DAB558DB6EDB48127D37E07F68CC0E307620D9A415DD122CB02DB2657542911A5EEC78DE1889B63923915A928AD7F3F57BAA49EA6253CE22C87680D8EEAEEBA9EAAA6A1A9FA4E70BCFBF383D31DC8BDB9BF148DA634DBB30EAFD7753579A57BDBEDE7B0F1AFF8B7F48787AA20F3E74DF33AD7FD9D12EAF34BDCB34ADDB6BDED73A3A9B7C2957256B62BA975796A66BFA70D6DAA93A3DE1BE7DF989DB829115EC1FBA5632BD6B5C8C19AE9C4A9B5B6C02BB1DF78EB9C2705C93B1668677A727C764D512655264E962332FE234392A662BCB7F8C7396856B963F4651C19EC29CAD157BB46071C2B2285FA7491EB12265C563C4EED3E5327D8A93079CFC7B13E5C50712024C99BD597D8D3276B08635646E49CCE4E290E0F464B6C9D629E41BE922DA3F9140B228A2A4F4E2601DA0ABE97AB7F42382BDF769B60A150B6C2F0E5DC31FF9E6EB9FD1BC78EDCC3CFC168545AE9C616781F79151E4DB5ABFDDD1CE7FEE560978344FB30599F435CC81749A2C9FF19FB28AC04C4A30E1C473BAC96AACDB81617F00665B5847D13CDC00BC70B188C9EB9CA5195B44CBA8FC63153EB3AF117E00DAB06061F2CC8A7815B558C892E80982E6E9FA19E8A49BE582082B35B0E7E9314A40132DF03B3025E0723A4C0A067D17A55BA72787BE1E2C1FF95CE7327EF382D12761F8CC777022B6C463C7B29C5B695FB3C0138CDB26849AD2F304DD095F3A364478BE2B0DFADD035BC519D8A670D9CC756EA44727CC133E84B9FE84499BF9D2B70499376831C3310573C66C2CC0C12DA4A2B80E2C25DB6367C6D83D6F8159C9675DED42BF6AB1910331D7CE8D70EDA9B07DDC4DE4224CB31D7B7FF7F4043FA42F85C778E04F1C57FE214C7210BE4E25CC815BC29DB9D2F6BDCA35E021E48D50219626B18FA5A16C5167C0CA63D300896D3B38BA23A8E08F296FA41970CB83843DA1A46CC27D45B4AFEBF4E4565A161B09C25419644C84F159D16DAB0D0AD841BDF10823256924512E0F8DDBD18C7C2E6D081DBBCE549197777FCAEFB6FA3CC712D61D0503B90E8A59E0CE1C04D715BF07882528080BE28093C4B51F719C3A81EF41BD925EE205DF402366DCF509F916B62D45CAAF856DDC31C7658818F20161DA054205E7EE0295645CE10893A615D8F0A9925FE5670D9532E677804DF0739BF1D9CC020AA495189C313091C06FCA3F53D6AA5C36852FDC6DC202C7D3132F903E1F490B1610120C3284ED1107FE10D399E5DC912BCC9B70844AE571E9325CA83556F83AB319F23AB04914C5D2013714B6489241EC02A157B4DC3002971320E356296BCF6748321CBB0A9FB4EB58B3C6485F30756E0A439A0AFDADDF706DE20496A98207D632474BF7C40BE7469C402DA13EB44592397B0108608255FAB0F57EC23D64874008C6603429DC7449B8E7D87C84EBEDCBA9282306112ED51602A442E765C4155A24112E590A02DF41E070571DF8CAC99CDD3D63958BC8CD19CA4F3015A5BBD781B47C42170C7784BD7B2D2EB94B150AD7000A6E27D298949EB982B2CA76E8664222920A97402AE73DBFCCF3831474287B5516DF4A6F2FA784B9CBE01D36A099A0ECA874287DDF13C5A94EA0FE805C70D723CFEA68FF96339A8F1879EAED5F6CEF0E3773DA7AA1A60E361A0DB64DF0ECD71C64AD21CCC0AD0C9970E4618BED05239899BC0A455DDE1877E15C43B156A57AECEE6AB1DEBBE8D0E0F69D0EBADA60AA40EBDA6CBB287AE63C4DFEDC24E500F414178FAAADCE375946FD8B5A7CB85E2FE3793928B4AB6EF842E0AE1752FFBBDF149B2C3ADEFBF872C942C8072F746471949311451827E518A54611BA6E959610C2EACEAF2CBAC7141265EB2C8685F374B50EB338A7161E260BB68E3292544F2D79B8A25167117F8B179B7089FC68B288E6211A0DD2FB6A0EDA4E1C59F4B05986E4D9D767B60C9F28C1D47484B90F222B8FC9A8F4FE3E9EC7E1B21444E09239D554B1439CC8C9B07535CA6DA1BBA001EF75FCDE1C60D9CB8AC4BE33C07AD54C670396B35C89FF247C8FEEBC1A14511F50875AE5C0C8CEF8677E4E375F54C7137ECBA53C3CF0020F25A1DE1A5BD4557DC7C6093AEB946F4F6A3D28ACB614AFB6AF85830AE1FBBB13B2A159EFDEC994BBF29045B8A5F977DBDD9DDB6694CFB3784DA9FCD624EE1588388DDF4D87D5283EBCC2D2B45727BEAD0D07FD5EF77D879DF9F6393BB26EFC21AD013BBBF15F8D83BB3591BC3BE877F45E979D4DE41B84168739DD5E077456E573AAB2D18B7097E3E2F9B82FB547B5DD57F8F5AADF19747A83E1E949B7DF1D0EFBBD7E8F64426AF49F4676379C47ECAD05B4A355B86C20BA7D8C8B88644FA2F8E1B1682038B26F529470654771563CC2D2DFB4C12F0D9A755D6BB4481FF6AEDA9ADED67AC7613DB6F461BFDFD6B51FE4EDE93FAEB7DB53BCFA0FF16A3FCEDB1FB4B56E5BEFAB4085718637E8327D914EE2396ADA6E4E8751963E250D27A3E5466583370FB3BCC5A661F6177E502DF5C3A248D31C35EAC5F3779B10BBEB8D3A93AE56682F15AF5C850F1158314E303E3231901F2ED40CEEFB8E4393863A1734E6608846139EBE52D4C2AEAABA34E581A045CF1D6F8609107BE0BBB6388674AF81EF96A60C569F97F6B80D3AF6ED71E5F5A4B4A3BC83B3255DB63AF1773C069EB57F4749FE18AF8F81EE474912E579F412BE2089A9C7A9C297975ADE6A3C0D5F62D8DB8DE79F6F2F663CCF511B344D676F13E21D1966CB986607F18D26145504CA141D0EDB7A99DEED9FB49001E59CB2D5B2BB103B6D158D8111E5A0CA7EFF84BEA6F08728993F6FEBA8D4B4F7BA86C6E219D20F68249C39F462C0303EA3AF728F61F6D090FC7B77BA22B110D10C0D8046CA31464CBCC5D9AF3A7DCB7BD1ECA26F916A104882BF12BA93C7B55C1DD7428DF853C06D0E7B29B7D5C45C7E79D099F3C7FFA2F5E745CD4837198216E718B1E2BD8F6267DB343BAF895EC586D5278781A98F7E2EFE07269E619EB77DBCD2F170E8B1A9431F8266C22D5F12B79778428CCEFFEFB17961D158BDFF7EC5A473FE464160F4E1457C51AF3DFACC409F79BE53101AD02D13A321ED3FEEAEC5C72DA75885F192F1C502172927CE4D9948FF5AA6F370F998E60548CB53F5A1F2D884E5CC30AABA926957838EAE0F3AC3AACABE63F44FD82679553DC8CABDFF02322F8890', 'Transaction');	
insert into CIVIL_INITIAL_RAP_SHEET (CIVIL_INITIAL_RESULT_ID, RAP_SHEET, TRANSACTION_TYPE) values ('2', '78DA0B2E492C4975CE2CCBCC094A2C08CE484D2D010042CC0715', 'Transaction');	
insert into CIVIL_INITIAL_RAP_SHEET (CIVIL_INITIAL_RESULT_ID, RAP_SHEET, TRANSACTION_TYPE) values ('2', '78DA0B2E492C4975CE2CCBCC094A2C08CE484D2D3102004A130747', 'Transaction');	
insert into CIVIL_INITIAL_RAP_SHEET (CIVIL_INITIAL_RESULT_ID, RAP_SHEET, TRANSACTION_TYPE) values ('3', '78DAB558DB6EDB48127D37E07F68CC0E307620D9A415DD122CB02DB2657542911A5EEC78DE1889B63923915A928AD7F3F57BAA49EA6253CE22C87680D8EEAEEBA9EAAA6A1A9FA4E70BCFBF383D31DC8BDB9BF148DA634DBB30EAFD7753579A57BDBEDE7B0F1AFF8B7F48787AA20F3E74DF33AD7FD9D12EAF34BDCB34ADDB6BDED73A3A9B7C2957256B62BA975796A66BFA70D6DAA93A3DE1BE7DF989DB829115EC1FBA5632BD6B5C8C19AE9C4A9B5B6C02BB1DF78EB9C2705C93B1668677A727C764D512655264E962332FE234392A662BCB7F8C7396856B963F4651C19EC29CAD157BB46071C2B2285FA7491EB12265C563C4EED3E5327D8A93079CFC7B13E5C50712024C99BD597D8D3276B08635646E49CCE4E290E0F464B6C9D629E41BE922DA3F9140B228A2A4F4E2601DA0ABE97AB7F42382BDF769B60A150B6C2F0E5DC31FF9E6EB9FD1BC78EDCC3CFC168545AE9C616781F79151E4DB5ABFDDD1CE7FEE560978344FB30599F435CC81749A2C9FF19FB28AC04C4A30E1C473BAC96AACDB81617F00665B5847D13CDC00BC70B188C9EB9CA5195B44CBA8FC63153EB3AF117E00DAB06061F2CC8A7815B558C892E80982E6E9FA19E8A49BE582082B35B0E7E9314A40132DF03B3025E0723A4C0A067D17A55BA72787BE1E2C1FF95CE7327EF382D12761F8CC777022B6C463C7B29C5B695FB3C0138CDB26849AD2F304DD095F3A364478BE2B0DFADD035BC519D8A670D9CC756EA44727CC133E84B9FE84499BF9D2B70499376831C3310573C66C2CC0C12DA4A2B80E2C25DB6367C6D83D6F8159C9675DED42BF6AB1910331D7CE8D70EDA9B07DDC4DE4224CB31D7B7FF7F4043FA42F85C778E04F1C57FE214C7210BE4E25CC815BC29DB9D2F6BDCA35E021E48D50219626B18FA5A16C5167C0CA63D300896D3B38BA23A8E08F296FA41970CB83843DA1A46CC27D45B4AFEBF4E4565A161B09C25419644C84F159D16DAB0D0AD841BDF10823256924512E0F8DDBD18C7C2E6D081DBBCE549197777FCAEFB6FA3CC712D61D0503B90E8A59E0CE1C04D715BF07882528080BE28093C4B51F719C3A81EF41BD925EE205DF402366DCF509F916B62D45CAAF856DDC31C7658818F20161DA054205E7EE0295645CE10893A615D8F0A9925FE5670D9532E677804DF0739BF1D9CC020AA495189C313091C06FCA3F53D6AA5C36852FDC6DC202C7D3132F903E1F490B1610120C3284ED1107FE10D399E5DC912BCC9B70844AE571E9325CA83556F83AB319F23AB04914C5D2013714B6489241EC02A157B4DC3002971320E356296BCF6748321CBB0A9FB4EB58B3C6485F30756E0A439A0AFDADDF706DE20496A98207D632474BF7C40BE7469C402DA13EB44592397B0108608255FAB0F57EC23D64874008C6603429DC7449B8E7D87C84EBEDCBA9282306112ED51602A442E765C4155A24112E590A02DF41E070571DF8CAC99CDD3D63958BC8CD19CA4F3015A5BBD781B47C42170C7784BD7B2D2EB94B150AD7000A6E27D298949EB982B2CA76E8664222920A97402AE73DBFCCF3831474287B5516DF4A6F2FA784B9CBE01D36A099A0ECA874287DDF13C5A94EA0FE805C70D723CFEA68FF96339A8F1879EAED5F6CEF0E3773DA7AA1A60E361A0DB64DF0ECD71C64AD21CCC0AD0C9970E4618BED05239899BC0A455DDE1877E15C43B156A57AECEE6AB1DEBBE8D0E0F69D0EBADA60AA40EBDA6CBB287AE63C4DFEDC24E500F414178FAAADCE375946FD8B5A7CB85E2FE3793928B4AB6EF842E0AE1752FFBBDF149B2C3ADEFBF872C942C8072F746471949311451827E518A54611BA6E959610C2EACEAF2CBAC7141265EB2C8685F374B50EB338A7161E260BB68E3292544F2D79B8A25167117F8B179B7089FC68B288E6211A0DD2FB6A0EDA4E1C59F4B05986E4D9D767B60C9F28C1D47484B90F222B8FC9A8F4FE3E9EC7E1B21444E09239D554B1439CC8C9B07535CA6DA1BBA001EF75FCDE1C60D9CB8AC4BE33C07AD54C670396B35C89FF247C8FEEBC1A14511F50875AE5C0C8CEF8677E4E375F54C7137ECBA53C3CF0020F25A1DE1A5BD4557DC7C6093AEB946F4F6A3D28ACB614AFB6AF85830AE1FBBB13B2A159EFDEC994BBF29045B8A5F977DBDD9DDB6694CFB3784DA9FCD624EE1588388DDF4D87D5283EBCC2D2B45727BEAD0D07FD5EF77D879DF9F6393BB26EFC21AD013BBBF15F8D83BB3591BC3BE877F45E979D4DE41B84168739DD5E077456E573AAB2D18B7097E3E2F9B82FB547B5DD57F8F5AADF19747A83E1E949B7DF1D0EFBBD7E8F64426AF49F4676379C47ECAD05B4A355B86C20BA7D8C8B88644FA2F8E1B1682038B26F529470654771563CC2D2DFB4C12F0D9A755D6BB4481FF6AEDA9ADED67AC7613DB6F461BFDFD6B51FE4EDE93FAEB7DB53BCFA0FF16A3FCEDB1FB4B56E5BEFAB4085718637E8327D914EE2396ADA6E4E8751963E250D27A3E5466583370FB3BCC5A661F6177E502DF5C3A248D31C35EAC5F3779B10BBEB8D3A93AE56682F15AF5C850F1158314E303E3231901F2ED40CEEFB8E4393863A1734E6608846139EBE52D4C2AEAABA34E581A045CF1D6F8609107BE0BBB6388674AF81EF96A60C569F97F6B80D3AF6ED71E5F5A4B4A3BC83B3255DB63AF1773C069EB57F4749FE18AF8F81EE474912E579F412BE2089A9C7A9C297975ADE6A3C0D5F62D8DB8DE79F6F2F663CCF511B344D676F13E21D1966CB986607F18D26145504CA141D0EDB7A99DEED9FB49001E59CB2D5B2BB103B6D158D8111E5A0CA7EFF84BEA6F08728993F6FEBA8D4B4F7BA86C6E219D20F68249C39F462C0303EA3AF728F61F6D090FC7B77BA22B110D10C0D8046CA31464CBCC5D9AF3A7DCB7BD1ECA26F916A104882BF12BA93C7B55C1DD7428DF853C06D0E7B29B7D5C45C7E79D099F3C7FFA2F5E745CD4837198216E718B1E2BD8F6267DB343BAF895EC586D5278781A98F7E2EFE07269E619EB77DBCD2F170E8B1A9431F8266C22D5F12B79778428CCEFFEFB17961D158BDFF7EC5A473FE464160F4E1457C51AF3DFACC409F79BE53101AD02D13A321ED3FEEAEC5C72DA75885F192F1C502172927CE4D9948FF5AA6F370F998E60548CB53F5A1F2D884E5CC30AABA926957838EAE0F3AC3AACABE63F44FD82679553DC8CABDFF02322F8890', 'Transaction');	
insert into CIVIL_INITIAL_RAP_SHEET (CIVIL_INITIAL_RESULT_ID, RAP_SHEET, TRANSACTION_TYPE) values ('4', '78DA0B2E492C4975CE2CCBCC094A2C08CE484D2D010042CC0715', 'Transaction');	

insert into CRIMINAL_INITIAL_RESULTS (CRIMINAL_INITIAL_RESULT_ID, TRANSACTION_NUMBER, SEARCH_RESULT_FILE, TRANSACTION_TYPE, RESULTS_SENDER_ID) 
			values ('1', '000001820140729014008339991', '78DAF34D2C49CE0000059401EE', 'Transaction', '1');
insert into CRIMINAL_INITIAL_RESULTS (CRIMINAL_INITIAL_RESULT_ID, TRANSACTION_NUMBER, SEARCH_RESULT_FILE, TRANSACTION_TYPE, RESULTS_SENDER_ID) 
			values ('2', '000001820140729014008339991', '78DAF34D2C49CE0000059401EE', 'Transaction', '2');
insert into CRIMINAL_INITIAL_RESULTS (CRIMINAL_INITIAL_RESULT_ID, TRANSACTION_NUMBER, SEARCH_RESULT_FILE, TRANSACTION_TYPE, RESULTS_SENDER_ID) 
			values ('3', '000001820140729014008339994', '78DAF34D2C49CE0000059401EE', 'Transaction', '1');
insert into CRIMINAL_INITIAL_RESULTS (CRIMINAL_INITIAL_RESULT_ID, TRANSACTION_NUMBER, SEARCH_RESULT_FILE, TRANSACTION_TYPE, RESULTS_SENDER_ID) 
			values ('4', '000001820140729014008339994', '78DAF34D2C49CE0000059401EE', 'Transaction', '2');
			
insert into fbi_rap_back_subscription(fbi_subscription_id, rap_back_category_code, rap_back_subscription_term_code, rap_back_expiration_date, rap_back_term_date, 
	rap_back_start_date, rap_back_opt_out_in_state_indicator, rap_back_activity_notification_format_code, ucn, timestamp)
values
	('fbiSubscriptionId', 'CI', '5', '2015-12-19', '2019-12-19', '2014-10-19', false, '2', 
	'123456789', {ts '2014-10-19 18:47:52.69'});			
	
insert into fbi_rap_back_subscription(fbi_subscription_id, rap_back_category_code, rap_back_subscription_term_code, rap_back_expiration_date, rap_back_term_date,
	rap_back_start_date, rap_back_opt_out_in_state_indicator, rap_back_activity_notification_format_code, ucn, timestamp)
values
	('fbiSubscriptionId_2', 'CI', '2', '2015-12-19','2016-12-19', '2014-10-19', false, '1', 
	'074644NG0', {ts '2014-10-19 18:47:52.69'});			
	