<?xml version="1.0" encoding="UTF-8"?>
<w:WantList w:release="3.1" w:product="NIEM" w:nillableDefault="true"
  xmlns:niem-xs="http://release.niem.gov/niem/proxy/xsd/3.0/"
  xmlns:w="http://niem.gov/niem/wantlist/2.2"
  xmlns:j="http://release.niem.gov/niem/domains/jxdm/5.1/"
  xmlns:nc="http://release.niem.gov/niem/niem-core/3.0/"
  xmlns:usps="http://release.niem.gov/niem/codes/usps_states/3.0/" xmlns:ansi_d20="http://release.niem.gov/niem/codes/ansi_d20/3.1/">
  <w:Element w:name="j:Arrest" w:isReference="false" w:nillable="true"/>
  <w:Element w:name="j:CDLHolderCode" w:isReference="false" w:nillable="true"/>
  <w:Element w:name="j:CaseAugmentation" w:isReference="false" w:nillable="false"/>
  <w:Element w:name="j:CaseOfficial" w:isReference="false" w:nillable="true"/>
  <w:Element w:name="j:CourtCategoryCode" w:isReference="false" w:nillable="false"/>
  <w:Element w:name="j:DriverLicense" w:isReference="false" w:nillable="false"/>
  <w:Element w:name="j:JudicialOfficial" w:isReference="false" w:nillable="true"/>
  <w:Element w:name="j:Offense" w:isReference="false" w:nillable="false"/>
  <w:Element w:name="j:OffenseLocationAssociation" w:isReference="false" w:nillable="true"/>
  <w:Element w:name="j:PersonAugmentation" w:isReference="false" w:nillable="false"/>
  <w:Element w:name="nc:ActivityDate" w:isReference="false" w:nillable="false"/>
  <w:Element w:name="nc:Address" w:isReference="false" w:nillable="true"/>
  <w:Element w:name="nc:Base64BinaryObject" w:isReference="false" w:nillable="true"/>
  <w:Element w:name="nc:Case" w:isReference="false" w:nillable="true"/>
  <w:Element w:name="nc:Date" w:isReference="false" w:nillable="true"/>
  <w:Element w:name="nc:DocumentCategoryName" w:isReference="false" w:nillable="false"/>
  <w:Element w:name="nc:DocumentCategoryText" w:isReference="false" w:nillable="false"/>
  <w:Element w:name="nc:EntityOrganization" w:isReference="false" w:nillable="true"/>
  <w:Element w:name="nc:EntityPerson" w:isReference="false" w:nillable="true"/>
  <w:Element w:name="nc:IdentificationCategoryText"
    w:isReference="false" w:nillable="true"/>
  <w:Element w:name="nc:IdentificationJurisdiction"
    w:isReference="false" w:nillable="false"/>
  <w:Element w:name="nc:JurisdictionText" w:isReference="false" w:nillable="false"/>
  <w:Element w:name="nc:Location" w:isReference="false" w:nillable="true"/>
  <w:Element w:name="nc:LocationStateUSPostalServiceCode"
    w:isReference="false" w:nillable="false"/>
  <w:Element w:name="nc:LocationStreet" w:isReference="false" w:nillable="true"/>
  <w:Element w:name="nc:Organization" w:isReference="false" w:nillable="true"/>
  <w:Element w:name="nc:Person" w:isReference="false" w:nillable="true"/>
  <w:Element w:name="nc:PersonResidenceAssociation"
    w:isReference="false" w:nillable="true"/>
  <w:Element w:name="nc:RoleOf" w:isReference="false" w:nillable="true"/>
  <w:Element w:name="nc:RoleOfPerson" w:isReference="false" w:nillable="true"/>
  <w:Type w:name="ansi_d20:CourtCategoryCodeSimpleType" w:isRequested="false">
    <w:Facet w:facet="enumeration" w:value="ADM"/>
    <w:Facet w:facet="enumeration" w:value="CHA"/>
    <w:Facet w:facet="enumeration" w:value="CIR"/>
    <w:Facet w:facet="enumeration" w:value="CIT"/>
    <w:Facet w:facet="enumeration" w:value="CIV"/>
    <w:Facet w:facet="enumeration" w:value="COC"/>
    <w:Facet w:facet="enumeration" w:value="COR"/>
    <w:Facet w:facet="enumeration" w:value="CRI"/>
    <w:Facet w:facet="enumeration" w:value="DIS"/>
    <w:Facet w:facet="enumeration" w:value="DOT"/>
    <w:Facet w:facet="enumeration" w:value="FED"/>
    <w:Facet w:facet="enumeration" w:value="GEN"/>
    <w:Facet w:facet="enumeration" w:value="HUS"/>
    <w:Facet w:facet="enumeration" w:value="JPC"/>
    <w:Facet w:facet="enumeration" w:value="JUS"/>
    <w:Facet w:facet="enumeration" w:value="JUV"/>
    <w:Facet w:facet="enumeration" w:value="LEC"/>
    <w:Facet w:facet="enumeration" w:value="MAG"/>
    <w:Facet w:facet="enumeration" w:value="MAY"/>
    <w:Facet w:facet="enumeration" w:value="MUN"/>
    <w:Facet w:facet="enumeration" w:value="OTH"/>
    <w:Facet w:facet="enumeration" w:value="POL"/>
    <w:Facet w:facet="enumeration" w:value="SJC"/>
    <w:Facet w:facet="enumeration" w:value="SPL"/>
    <w:Facet w:facet="enumeration" w:value="SSP"/>
    <w:Facet w:facet="enumeration" w:value="SUM"/>
    <w:Facet w:facet="enumeration" w:value="SUP"/>
    <w:Facet w:facet="enumeration" w:value="TJC"/>
    <w:Facet w:facet="enumeration" w:value="TRA"/>
    <w:Facet w:facet="enumeration" w:value="TRI"/>
    <w:Facet w:facet="enumeration" w:value="TWN"/>
    <w:Facet w:facet="enumeration" w:value="UNK"/>
    <w:Facet w:facet="enumeration" w:value="USC"/>
    <w:Facet w:facet="enumeration" w:value="USM"/>
    <w:Facet w:facet="enumeration" w:value="USS"/>
  </w:Type>
  <w:Type w:name="j:ArrestType" w:isRequested="false">
    <w:ElementInType w:name="j:ArrestAgency" w:isReference="false"
      w:minOccurs="0" w:maxOccurs="unbounded"/>
    <w:ElementInType w:name="j:ArrestAgencyRecordIdentification"
      w:isReference="false" w:minOccurs="0" w:maxOccurs="unbounded"/>
    <w:ElementInType w:name="j:ArrestOfficial" w:isReference="false"
      w:minOccurs="0" w:maxOccurs="unbounded"/>
    <w:ElementInType w:name="j:ArrestProbableCauseText"
      w:isReference="false" w:minOccurs="0" w:maxOccurs="unbounded"/>
    <w:ElementInType w:name="j:ArrestAugmentationPoint"
      w:isReference="false" w:minOccurs="0" w:maxOccurs="unbounded"/>
  </w:Type>
  <w:Type w:name="j:CDLHolderCodeSimpleType" w:isRequested="true">
    <w:Facet w:facet="enumeration" w:value="1"/>
    <w:Facet w:facet="enumeration" w:value="2"/>
    <w:Facet w:facet="enumeration" w:value="9"/>
  </w:Type>
  <w:Type w:name="j:CDLHolderCodeType" w:isRequested="true"/>
  <w:Type w:name="j:CaseAugmentationType" w:isRequested="false">
    <w:ElementInType w:name="j:CaseCharge" w:isReference="false"
      w:minOccurs="0" w:maxOccurs="unbounded"/>
    <w:ElementInType w:name="j:CaseCourt" w:isReference="false"
      w:minOccurs="0" w:maxOccurs="unbounded"/>
    <w:ElementInType w:name="j:CaseCourtEvent" w:isReference="false"
      w:minOccurs="0" w:maxOccurs="unbounded"/>
    <w:ElementInType w:name="j:CaseDefendantParty" w:isReference="false"
      w:minOccurs="0" w:maxOccurs="unbounded"/>
    <w:ElementInType w:name="j:CaseInitiatingParty"
      w:isReference="false" w:minOccurs="0" w:maxOccurs="unbounded"/>
    <w:ElementInType w:name="j:CaseJudge" w:isReference="false"
      w:minOccurs="0" w:maxOccurs="unbounded"/>
    <w:ElementInType w:name="j:CaseProsecutionAttorney"
      w:isReference="false" w:minOccurs="0" w:maxOccurs="unbounded"/>
  </w:Type>
  <w:Type w:name="j:CaseOfficialType" w:isRequested="true"/>
  <w:Type w:name="j:ChargeType" w:isRequested="false">
    <w:ElementInType w:name="j:ChargeApplicabilityText"
      w:isReference="false" w:minOccurs="0" w:maxOccurs="unbounded"/>
    <w:ElementInType w:name="j:ChargeFilingDate" w:isReference="false"
      w:minOccurs="0" w:maxOccurs="unbounded"/>
    <w:ElementInType w:name="j:ChargeSequenceID" w:isReference="false"
      w:minOccurs="0" w:maxOccurs="unbounded"/>
    <w:ElementInType w:name="j:ChargeSeverityLevel"
      w:isReference="false" w:minOccurs="0" w:maxOccurs="unbounded"/>
    <w:ElementInType w:name="j:ChargeSeverityText" w:isReference="false"
      w:minOccurs="0" w:maxOccurs="unbounded"/>
    <w:ElementInType w:name="j:ChargeStatute" w:isReference="false"
      w:minOccurs="0" w:maxOccurs="unbounded"/>
    <w:ElementInType w:name="j:ChargeText" w:isReference="false"
      w:minOccurs="0" w:maxOccurs="unbounded"/>
    <w:ElementInType w:name="j:ChargeTrackingIdentification"
      w:isReference="false" w:minOccurs="0" w:maxOccurs="unbounded"/>
    <w:ElementInType w:name="j:ChargeAugmentationPoint"
      w:isReference="false" w:minOccurs="0" w:maxOccurs="unbounded"/>
  </w:Type>
  <w:Type w:name="j:CourtAppearanceType" w:isRequested="false">
    <w:ElementInType w:name="j:CourtAppearanceDate"
      w:isReference="false" w:minOccurs="0" w:maxOccurs="unbounded"/>
  </w:Type>
  <w:Type w:name="j:CourtEventType" w:isRequested="false">
    <w:ElementInType w:name="j:CourtEventAppearance"
      w:isReference="false" w:minOccurs="0" w:maxOccurs="unbounded"/>
  </w:Type>
  <w:Type w:name="j:CourtType" w:isRequested="false">
    <w:ElementInType w:name="j:CourtName" w:isReference="false"
      w:minOccurs="0" w:maxOccurs="unbounded"/>
    <w:ElementInType w:name="j:CourtCategory" w:isReference="false"
      w:minOccurs="0" w:maxOccurs="unbounded"/>
  </w:Type>
  <w:Type w:name="j:DriverLicenseBaseType" w:isRequested="true">
    <w:ElementInType w:name="j:DriverLicenseIdentification"
      w:isReference="false" w:minOccurs="0" w:maxOccurs="unbounded"/>
  </w:Type>
  <w:Type w:name="j:DriverLicenseType" w:isRequested="true">
    <w:ElementInType w:name="j:DriverLicenseAugmentationPoint"
      w:isReference="false" w:minOccurs="0" w:maxOccurs="unbounded"/>
  </w:Type>
  <w:Type w:name="j:EnforcementOfficialType" w:isRequested="false">
    <w:ElementInType w:name="j:EnforcementOfficialBadgeIdentification"
      w:isReference="false" w:minOccurs="0" w:maxOccurs="unbounded"/>
  </w:Type>
  <w:Type w:name="j:JudicialOfficialBarMembershipType" w:isRequested="false">
    <w:ElementInType w:name="j:JudicialOfficialBarIdentification"
      w:isReference="false" w:minOccurs="0" w:maxOccurs="unbounded"/>
  </w:Type>
  <w:Type w:name="j:JudicialOfficialType" w:isRequested="true">
    <w:ElementInType w:name="nc:RoleOfPerson" w:isReference="false"
      w:minOccurs="0" w:maxOccurs="unbounded"/>
    <w:ElementInType w:name="j:JudicialOfficialBarMembership"
      w:isReference="false" w:minOccurs="0" w:maxOccurs="unbounded"/>
    <w:ElementInType w:name="j:JudicialOfficialCategoryText"
      w:isReference="false" w:minOccurs="0" w:maxOccurs="unbounded"/>
  </w:Type>
  <w:Type w:name="j:OffenseLocationAssociationType" w:isRequested="false">
    <w:ElementInType w:name="j:Offense" w:isReference="false"
      w:minOccurs="0" w:maxOccurs="unbounded"/>
    <w:ElementInType w:name="nc:Location" w:isReference="false"
      w:minOccurs="0" w:maxOccurs="unbounded"/>
  </w:Type>
  <w:Type w:name="j:OffenseType" w:isRequested="true"/>
  <w:Type w:name="j:PersonAugmentationType" w:isRequested="false">
    <w:ElementInType w:name="j:DriverLicense" w:isReference="false"
      w:minOccurs="0" w:maxOccurs="unbounded"/>
  </w:Type>
  <w:Type w:name="j:SeverityLevelType" w:isRequested="false">
    <w:ElementInType w:name="j:SeverityLevelDescriptionText"
      w:isReference="false" w:minOccurs="0" w:maxOccurs="unbounded"/>
  </w:Type>
  <w:Type w:name="j:StatuteType" w:isRequested="false">
    <w:ElementInType w:name="j:StatuteCodeIdentification"
      w:isReference="false" w:minOccurs="0" w:maxOccurs="unbounded"/>
    <w:ElementInType w:name="j:StatuteCodeSectionIdentification"
      w:isReference="false" w:minOccurs="0" w:maxOccurs="unbounded"/>
    <w:ElementInType w:name="j:StatuteDescriptionText"
      w:isReference="false" w:minOccurs="0" w:maxOccurs="unbounded"/>
  </w:Type>
  <w:Type w:name="nc:ActivityType" w:isRequested="true">
    <w:ElementInType w:name="nc:ActivityIdentification"
      w:isReference="false" w:minOccurs="0" w:maxOccurs="unbounded"/>
    <w:ElementInType w:name="nc:ActivityCategoryText"
      w:isReference="false" w:minOccurs="0" w:maxOccurs="unbounded"/>
    <w:ElementInType w:name="nc:ActivityDateRepresentation"
      w:isReference="false" w:minOccurs="0" w:maxOccurs="unbounded"/>
  </w:Type>
  <w:Type w:name="nc:AddressType" w:isRequested="false">
    <w:ElementInType w:name="nc:AddressDeliveryPoint"
      w:isReference="false" w:minOccurs="0" w:maxOccurs="unbounded"/>
    <w:ElementInType w:name="nc:LocationCityName" w:isReference="false"
      w:minOccurs="0" w:maxOccurs="unbounded"/>
    <w:ElementInType w:name="nc:LocationState" w:isReference="false"
      w:minOccurs="0" w:maxOccurs="unbounded"/>
    <w:ElementInType w:name="nc:LocationPostalCode"
      w:isReference="false" w:minOccurs="0" w:maxOccurs="unbounded"/>
  </w:Type>
  <w:Type w:name="nc:BinaryType" w:isRequested="true">
    <w:ElementInType w:name="nc:BinaryObject" w:isReference="false"
      w:minOccurs="0" w:maxOccurs="unbounded"/>
  </w:Type>
  <w:Type w:name="nc:CaseType" w:isRequested="true">
    <w:ElementInType w:name="nc:CaseCategoryText" w:isReference="false"
      w:minOccurs="0" w:maxOccurs="unbounded"/>
    <w:ElementInType w:name="nc:CaseDocketID" w:isReference="false"
      w:minOccurs="0" w:maxOccurs="unbounded"/>
    <w:ElementInType w:name="nc:CaseFiling" w:isReference="false"
      w:minOccurs="0" w:maxOccurs="unbounded"/>
    <w:ElementInType w:name="nc:CaseAugmentationPoint"
      w:isReference="false" w:minOccurs="0" w:maxOccurs="unbounded"/>
  </w:Type>
  <w:Type w:name="nc:DateType" w:isRequested="false">
    <w:ElementInType w:name="nc:DateRepresentation"
      w:isReference="false" w:minOccurs="0" w:maxOccurs="unbounded"/>
  </w:Type>
  <w:Type w:name="nc:DocumentType" w:isRequested="true">
    <w:ElementInType w:name="nc:DocumentCategory" w:isReference="false"
      w:minOccurs="0" w:maxOccurs="unbounded"/>
    <w:ElementInType w:name="nc:DocumentCreationDate"
      w:isReference="false" w:minOccurs="0" w:maxOccurs="unbounded"/>
    <w:ElementInType w:name="nc:DocumentEffectiveDate"
      w:isReference="false" w:minOccurs="0" w:maxOccurs="unbounded"/>
    <w:ElementInType w:name="nc:DocumentFiledDate" w:isReference="false"
      w:minOccurs="0" w:maxOccurs="unbounded"/>
  </w:Type>
  <w:Type w:name="nc:EntityType" w:isRequested="false">
    <w:ElementInType w:name="nc:EntityRepresentation"
      w:isReference="false" w:minOccurs="0" w:maxOccurs="unbounded"/>
  </w:Type>
  <w:Type w:name="nc:IdentificationType" w:isRequested="true">
    <w:ElementInType w:name="nc:IdentificationID" w:isReference="false"
      w:minOccurs="0" w:maxOccurs="unbounded"/>
    <w:ElementInType w:name="nc:IdentificationJurisdiction"
      w:isReference="false" w:minOccurs="0" w:maxOccurs="unbounded"/>
    <w:ElementInType w:name="nc:IdentificationCategory"
      w:isReference="false" w:minOccurs="0" w:maxOccurs="unbounded"/>
  </w:Type>
  <w:Type w:name="nc:ImageType" w:isRequested="true"/>
  <w:Type w:name="nc:JurisdictionType" w:isRequested="false">
    <w:ElementInType w:name="nc:JurisdictionAbstract"
      w:isReference="false" w:minOccurs="0" w:maxOccurs="unbounded"/>
  </w:Type>
  <w:Type w:name="nc:LocationType" w:isRequested="false">
    <w:ElementInType w:name="nc:LocationAddressAbstract"
      w:isReference="false" w:minOccurs="0" w:maxOccurs="unbounded"/>
    <w:ElementInType w:name="nc:LocationDescriptionText"
      w:isReference="false" w:minOccurs="0" w:maxOccurs="unbounded"/>
  </w:Type>
  <w:Type w:name="nc:OrganizationType" w:isRequested="false">
    <w:ElementInType w:name="nc:OrganizationName" w:isReference="false"
      w:minOccurs="0" w:maxOccurs="unbounded"/>
  </w:Type>
  <w:Type w:name="nc:PersonLocationAssociationType" w:isRequested="true">
    <w:ElementInType w:name="nc:Person" w:isReference="false"
      w:minOccurs="0" w:maxOccurs="unbounded"/>
    <w:ElementInType w:name="nc:Location" w:isReference="false"
      w:minOccurs="0" w:maxOccurs="unbounded"/>
  </w:Type>
  <w:Type w:name="nc:PersonNameType" w:isRequested="false">
    <w:ElementInType w:name="nc:PersonNamePrefixText"
      w:isReference="false" w:minOccurs="0" w:maxOccurs="unbounded"/>
    <w:ElementInType w:name="nc:PersonGivenName" w:isReference="false"
      w:minOccurs="0" w:maxOccurs="unbounded"/>
    <w:ElementInType w:name="nc:PersonMiddleName" w:isReference="false"
      w:minOccurs="0" w:maxOccurs="unbounded"/>
    <w:ElementInType w:name="nc:PersonSurName" w:isReference="false"
      w:minOccurs="0" w:maxOccurs="unbounded"/>
    <w:ElementInType w:name="nc:PersonNameSuffixText"
      w:isReference="false" w:minOccurs="0" w:maxOccurs="unbounded"/>
    <w:ElementInType w:name="nc:PersonFullName" w:isReference="false"
      w:minOccurs="0" w:maxOccurs="unbounded"/>
  </w:Type>
  <w:Type w:name="nc:PersonResidenceAssociationType" w:isRequested="true"/>
  <w:Type w:name="nc:PersonType" w:isRequested="true">
    <w:ElementInType w:name="nc:PersonBirthDate" w:isReference="false"
      w:minOccurs="0" w:maxOccurs="unbounded"/>
    <w:ElementInType w:name="nc:PersonDigitizedSignatureImage"
      w:isReference="false" w:minOccurs="0" w:maxOccurs="unbounded"/>
    <w:ElementInType w:name="nc:PersonName" w:isReference="false"
      w:minOccurs="0" w:maxOccurs="unbounded"/>
    <w:ElementInType w:name="nc:PersonPassportIdentification"
      w:isReference="false" w:minOccurs="0" w:maxOccurs="unbounded"/>
    <w:ElementInType w:name="nc:PersonStateIdentification"
      w:isReference="false" w:minOccurs="0" w:maxOccurs="unbounded"/>
    <w:ElementInType w:name="nc:PersonAugmentationPoint"
      w:isReference="false" w:minOccurs="0" w:maxOccurs="unbounded"/>
  </w:Type>
  <w:Type w:name="nc:StreetType" w:isRequested="false">
    <w:ElementInType w:name="nc:StreetFullText" w:isReference="false"
      w:minOccurs="0" w:maxOccurs="unbounded"/>
  </w:Type>
  <w:Type w:name="niem-xs:boolean" w:isRequested="true"/>
  <w:Type w:name="usps:USStateCodeSimpleType" w:isRequested="false">
    <w:Facet w:facet="enumeration" w:value="AA"/>
    <w:Facet w:facet="enumeration" w:value="AE"/>
    <w:Facet w:facet="enumeration" w:value="AK"/>
    <w:Facet w:facet="enumeration" w:value="AP"/>
    <w:Facet w:facet="enumeration" w:value="AR"/>
    <w:Facet w:facet="enumeration" w:value="AS"/>
    <w:Facet w:facet="enumeration" w:value="AZ"/>
    <w:Facet w:facet="enumeration" w:value="CA"/>
    <w:Facet w:facet="enumeration" w:value="CO"/>
    <w:Facet w:facet="enumeration" w:value="CT"/>
    <w:Facet w:facet="enumeration" w:value="DC"/>
    <w:Facet w:facet="enumeration" w:value="DE"/>
    <w:Facet w:facet="enumeration" w:value="FL"/>
    <w:Facet w:facet="enumeration" w:value="FM"/>
    <w:Facet w:facet="enumeration" w:value="GA"/>
    <w:Facet w:facet="enumeration" w:value="GU"/>
    <w:Facet w:facet="enumeration" w:value="HI"/>
    <w:Facet w:facet="enumeration" w:value="IA"/>
    <w:Facet w:facet="enumeration" w:value="ID"/>
    <w:Facet w:facet="enumeration" w:value="IL"/>
    <w:Facet w:facet="enumeration" w:value="IN"/>
    <w:Facet w:facet="enumeration" w:value="KS"/>
    <w:Facet w:facet="enumeration" w:value="KY"/>
    <w:Facet w:facet="enumeration" w:value="LA"/>
    <w:Facet w:facet="enumeration" w:value="MA"/>
    <w:Facet w:facet="enumeration" w:value="MD"/>
    <w:Facet w:facet="enumeration" w:value="ME"/>
    <w:Facet w:facet="enumeration" w:value="MH"/>
    <w:Facet w:facet="enumeration" w:value="MI"/>
    <w:Facet w:facet="enumeration" w:value="MN"/>
    <w:Facet w:facet="enumeration" w:value="MO"/>
    <w:Facet w:facet="enumeration" w:value="MP"/>
    <w:Facet w:facet="enumeration" w:value="MS"/>
    <w:Facet w:facet="enumeration" w:value="MT"/>
    <w:Facet w:facet="enumeration" w:value="NC"/>
    <w:Facet w:facet="enumeration" w:value="ND"/>
    <w:Facet w:facet="enumeration" w:value="NE"/>
    <w:Facet w:facet="enumeration" w:value="NH"/>
    <w:Facet w:facet="enumeration" w:value="NJ"/>
    <w:Facet w:facet="enumeration" w:value="NM"/>
    <w:Facet w:facet="enumeration" w:value="NV"/>
    <w:Facet w:facet="enumeration" w:value="NY"/>
    <w:Facet w:facet="enumeration" w:value="OH"/>
    <w:Facet w:facet="enumeration" w:value="OK"/>
    <w:Facet w:facet="enumeration" w:value="OR"/>
    <w:Facet w:facet="enumeration" w:value="PA"/>
    <w:Facet w:facet="enumeration" w:value="PR"/>
    <w:Facet w:facet="enumeration" w:value="PW"/>
    <w:Facet w:facet="enumeration" w:value="RI"/>
    <w:Facet w:facet="enumeration" w:value="SC"/>
    <w:Facet w:facet="enumeration" w:value="SD"/>
    <w:Facet w:facet="enumeration" w:value="TN"/>
    <w:Facet w:facet="enumeration" w:value="TX"/>
    <w:Facet w:facet="enumeration" w:value="UT"/>
    <w:Facet w:facet="enumeration" w:value="VA"/>
    <w:Facet w:facet="enumeration" w:value="VI"/>
    <w:Facet w:facet="enumeration" w:value="VT"/>
    <w:Facet w:facet="enumeration" w:value="WA"/>
    <w:Facet w:facet="enumeration" w:value="WI"/>
    <w:Facet w:facet="enumeration" w:value="WV"/>
    <w:Facet w:facet="enumeration" w:value="WY"/>
  </w:Type>
</w:WantList>
