<?xml version="1.0" encoding="UTF-8"?>
<w:WantList w:release="3.0" w:product="NIEM" w:nillableDefault="true"
  xmlns:w="http://niem.gov/niem/wantlist/2.2"
  xmlns:ncic="http://release.niem.gov/niem/codes/fbi_ncic/3.0/"
  xmlns:j="http://release.niem.gov/niem/domains/jxdm/5.0/"
  xmlns:cyfs="http://release.niem.gov/niem/domains/cyfs/3.0/"
  xmlns:ndex="http://release.niem.gov/niem/codes/fbi_ndex/3.0/"
  xmlns:nc="http://release.niem.gov/niem/niem-core/3.0/" xmlns:scr="http://release.niem.gov/niem/domains/screening/3.0/">
  <w:Element w:name="cyfs:NextCourtEvent" w:isReference="false" w:nillable="true"/>
  <w:Element w:name="cyfs:PreTrialSupervision" w:isReference="false" w:nillable="false"/>
  <w:Element w:name="cyfs:SubmittedDateTime" w:isReference="false" w:nillable="true"/>
  <w:Element w:name="j:ActivityArrestAssociation" w:isReference="false" w:nillable="true"/>
  <w:Element w:name="j:ActivityCaseAssociation" w:isReference="false" w:nillable="true"/>
  <w:Element w:name="j:ActivityChargeAssociation" w:isReference="false" w:nillable="true"/>
  <w:Element w:name="j:ActivityJudgeAssociation" w:isReference="false" w:nillable="true"/>
  <w:Element w:name="j:AmendedCharge" w:isReference="false" w:nillable="false"/>
  <w:Element w:name="j:Arrest" w:isReference="false" w:nillable="true"/>
  <w:Element w:name="j:ArrestCharge" w:isReference="false" w:nillable="true"/>
  <w:Element w:name="j:ArrestSubjectAssociation" w:isReference="false" w:nillable="true"/>
  <w:Element w:name="j:Bail" w:isReference="false" w:nillable="false"/>
  <w:Element w:name="j:CaseAugmentation" w:isReference="false" w:nillable="true"/>
  <w:Element w:name="j:CaseCharge" w:isReference="false" w:nillable="true"/>
  <w:Element w:name="j:CaseCourtEvent" w:isReference="false" w:nillable="true"/>
  <w:Element w:name="j:CaseDefenseAttorney" w:isReference="false" w:nillable="true"/>
  <w:Element w:name="j:CaseOfficialCaseIdentification"
    w:isReference="false" w:nillable="true"/>
  <w:Element w:name="j:Charge" w:isReference="false" w:nillable="true"/>
  <w:Element w:name="j:ChargeDisposition" w:isReference="false" w:nillable="true"/>
  <w:Element w:name="j:ChargeSentence" w:isReference="false" w:nillable="false"/>
  <w:Element w:name="j:ChargeTrackingIdentification"
    w:isReference="false" w:nillable="true"/>
  <w:Element w:name="j:Conviction" w:isReference="false" w:nillable="false"/>
  <w:Element w:name="j:Court" w:isReference="false" w:nillable="true"/>
  <w:Element w:name="j:CourtAppearance" w:isReference="false" w:nillable="false"/>
  <w:Element w:name="j:CourtCharge" w:isReference="false" w:nillable="false"/>
  <w:Element w:name="j:DispositionCategoryCodeText"
    w:isReference="false" w:nillable="false"/>
  <w:Element w:name="j:DiversionProgram" w:isReference="false" w:nillable="false"/>
  <w:Element w:name="j:Judge" w:isReference="false" w:nillable="true"/>
  <w:Element w:name="j:Offense" w:isReference="false" w:nillable="true"/>
  <w:Element w:name="j:OffenseArrestAssociation" w:isReference="false" w:nillable="true"/>
  <w:Element w:name="j:OffenseCategoryText" w:isReference="false" w:nillable="false"/>
  <w:Element w:name="j:OffenseChargeAssociation" w:isReference="false" w:nillable="true"/>
  <w:Element w:name="j:OffenseDispositionAssociation"
    w:isReference="false" w:nillable="true"/>
  <w:Element w:name="j:OrganizationAugmentation" w:isReference="false" w:nillable="false"/>
  <w:Element w:name="j:OrganizationORIIdentification"
    w:isReference="false" w:nillable="false"/>
  <w:Element w:name="j:PersonAugmentation" w:isReference="false" w:nillable="true"/>
  <w:Element w:name="j:PersonChargeAssociation" w:isReference="false" w:nillable="false"/>
  <w:Element w:name="j:PersonRaceCode" w:isReference="false" w:nillable="false"/>
  <w:Element w:name="j:PresentenceInvestigation" w:isReference="false" w:nillable="true"/>
  <w:Element w:name="j:PretrialInvestigation" w:isReference="false" w:nillable="false"/>
  <w:Element w:name="j:PretrialReleaseStatus" w:isReference="false" w:nillable="true"/>
  <w:Element w:name="j:ProsecutionCharge" w:isReference="false" w:nillable="false"/>
  <w:Element w:name="j:RegisteredOffender" w:isReference="false" w:nillable="true"/>
  <w:Element w:name="j:RegisteredOffenderIdentification"
    w:isReference="false" w:nillable="true"/>
  <w:Element w:name="j:SanctionSuspendedObligation"
    w:isReference="false" w:nillable="false"/>
  <w:Element w:name="j:SentenceDeferredTerm" w:isReference="false" w:nillable="false"/>
  <w:Element w:name="j:SentenceGroupingText" w:isReference="false" w:nillable="false"/>
  <w:Element w:name="j:SentenceTerm" w:isReference="false" w:nillable="false"/>
  <w:Element w:name="j:Subject" w:isReference="false" w:nillable="true"/>
  <w:Element w:name="nc:ActivityDate" w:isReference="false" w:nillable="false"/>
  <w:Element w:name="nc:ActivityPersonAssociation" w:isReference="false" w:nillable="true"/>
  <w:Element w:name="nc:Address" w:isReference="false" w:nillable="true"/>
  <w:Element w:name="nc:Case" w:isReference="false" w:nillable="false"/>
  <w:Element w:name="nc:CaseDocketID" w:isReference="false" w:nillable="true"/>
  <w:Element w:name="nc:CaseTrackingID" w:isReference="false" w:nillable="false"/>
  <w:Element w:name="nc:Condition" w:isReference="false" w:nillable="false"/>
  <w:Element w:name="nc:Date" w:isReference="false" w:nillable="false"/>
  <w:Element w:name="nc:DateTime" w:isReference="false" w:nillable="false"/>
  <w:Element w:name="nc:DispositionCategory" w:isReference="false" w:nillable="true"/>
  <w:Element w:name="nc:DocumentCategoryID" w:isReference="false" w:nillable="false"/>
  <w:Element w:name="nc:EntityOrganization" w:isReference="false" w:nillable="false"/>
  <w:Element w:name="nc:Fee" w:isReference="false" w:nillable="false"/>
  <w:Element w:name="nc:IdentificationCategoryText"
    w:isReference="false" w:nillable="false"/>
  <w:Element w:name="nc:Identity" w:isReference="false" w:nillable="false"/>
  <w:Element w:name="nc:Incident" w:isReference="false" w:nillable="true"/>
  <w:Element w:name="nc:Location" w:isReference="false" w:nillable="false"/>
  <w:Element w:name="nc:LocationCountyName" w:isReference="false" w:nillable="false"/>
  <w:Element w:name="nc:MeasureIntegerValue" w:isReference="false" w:nillable="false"/>
  <w:Element w:name="nc:MeasurePoint" w:isReference="false" w:nillable="false"/>
  <w:Element w:name="nc:MeasureUnitText" w:isReference="false" w:nillable="true"/>
  <w:Element w:name="nc:MeasureValueText" w:isReference="false" w:nillable="false"/>
  <w:Element w:name="nc:ObligationDueAmount" w:isReference="false" w:nillable="false"/>
  <w:Element w:name="nc:ObligationDueDuration" w:isReference="false" w:nillable="false"/>
  <w:Element w:name="nc:Person" w:isReference="false" w:nillable="true"/>
  <w:Element w:name="nc:PersonAliasIdentityAssociation"
    w:isReference="false" w:nillable="true"/>
  <w:Element w:name="nc:PersonResidenceAssociation"
    w:isReference="false" w:nillable="true"/>
  <w:Element w:name="nc:YearDate" w:isReference="false" w:nillable="true"/>
  <w:Element w:name="scr:ChargeAugmentation" w:isReference="false" w:nillable="false"/>
  <w:Element w:name="scr:ChargeDate" w:isReference="false" w:nillable="false"/>
  <w:Type w:name="j:ActivityArrestAssociationType" w:isRequested="false">
    <w:ElementInType w:name="nc:Activity" w:isReference="false"
      w:minOccurs="0" w:maxOccurs="unbounded"/>
    <w:ElementInType w:name="j:Arrest" w:isReference="false"
      w:minOccurs="0" w:maxOccurs="unbounded"/>
  </w:Type>
  <w:Type w:name="j:ActivityCaseAssociationType" w:isRequested="false">
    <w:ElementInType w:name="nc:Activity" w:isReference="false"
      w:minOccurs="0" w:maxOccurs="unbounded"/>
    <w:ElementInType w:name="nc:Case" w:isReference="false"
      w:minOccurs="0" w:maxOccurs="unbounded"/>
  </w:Type>
  <w:Type w:name="j:ActivityChargeAssociationType" w:isRequested="false">
    <w:ElementInType w:name="nc:Activity" w:isReference="false"
      w:minOccurs="0" w:maxOccurs="unbounded"/>
    <w:ElementInType w:name="j:Charge" w:isReference="false"
      w:minOccurs="0" w:maxOccurs="unbounded"/>
  </w:Type>
  <w:Type w:name="j:ActivityJudgeAssociationType" w:isRequested="false">
    <w:ElementInType w:name="nc:Activity" w:isReference="false"
      w:minOccurs="0" w:maxOccurs="unbounded"/>
    <w:ElementInType w:name="j:Judge" w:isReference="false"
      w:minOccurs="0" w:maxOccurs="unbounded"/>
  </w:Type>
  <w:Type w:name="j:ActivitySubjectAssociationType" w:isRequested="false">
    <w:ElementInType w:name="nc:Activity" w:isReference="false"
      w:minOccurs="0" w:maxOccurs="unbounded"/>
    <w:ElementInType w:name="j:Subject" w:isReference="false"
      w:minOccurs="0" w:maxOccurs="unbounded"/>
  </w:Type>
  <w:Type w:name="j:ArrestType" w:isRequested="true">
    <w:ElementInType w:name="j:ArrestAgency" w:isReference="false"
      w:minOccurs="0" w:maxOccurs="unbounded"/>
    <w:ElementInType w:name="j:ArrestCharge" w:isReference="false"
      w:minOccurs="0" w:maxOccurs="unbounded"/>
    <w:ElementInType w:name="j:ArrestAugmentationPoint"
      w:isReference="false" w:minOccurs="0" w:maxOccurs="unbounded"/>
  </w:Type>
  <w:Type w:name="j:BailType" w:isRequested="false">
    <w:ElementInType w:name="j:BailSetAmount" w:isReference="false"
      w:minOccurs="0" w:maxOccurs="unbounded"/>
  </w:Type>
  <w:Type w:name="j:CaseAugmentationType" w:isRequested="false">
    <w:ElementInType w:name="j:CaseCharge" w:isReference="false"
      w:minOccurs="0" w:maxOccurs="unbounded"/>
    <w:ElementInType w:name="j:CaseCourt" w:isReference="false"
      w:minOccurs="0" w:maxOccurs="unbounded"/>
    <w:ElementInType w:name="j:CaseCourtEvent" w:isReference="false"
      w:minOccurs="0" w:maxOccurs="unbounded"/>
    <w:ElementInType w:name="j:CaseDefenseAttorney"
      w:isReference="false" w:minOccurs="0" w:maxOccurs="unbounded"/>
    <w:ElementInType w:name="j:CaseHearing" w:isReference="false"
      w:minOccurs="0" w:maxOccurs="unbounded"/>
    <w:ElementInType w:name="j:CaseJudge" w:isReference="false"
      w:minOccurs="0" w:maxOccurs="unbounded"/>
    <w:ElementInType w:name="j:CaseOfficial" w:isReference="false"
      w:minOccurs="0" w:maxOccurs="unbounded"/>
    <w:ElementInType w:name="j:CaseOtherIdentification"
      w:isReference="false" w:minOccurs="0" w:maxOccurs="unbounded"/>
    <w:ElementInType w:name="j:CaseTrial" w:isReference="false"
      w:minOccurs="0" w:maxOccurs="unbounded"/>
  </w:Type>
  <w:Type w:name="j:CaseOfficialType" w:isRequested="true">
    <w:ElementInType w:name="j:CaseOfficialCaseIdentification"
      w:isReference="false" w:minOccurs="0" w:maxOccurs="unbounded"/>
    <w:ElementInType w:name="j:CaseOfficialCaseStatusText"
      w:isReference="false" w:minOccurs="0" w:maxOccurs="unbounded"/>
    <w:ElementInType w:name="j:CaseOfficialRoleDescriptionText"
      w:isReference="false" w:minOccurs="0" w:maxOccurs="unbounded"/>
    <w:ElementInType w:name="j:CaseOfficialAugmentationPoint"
      w:isReference="false" w:minOccurs="0" w:maxOccurs="unbounded"/>
  </w:Type>
  <w:Type w:name="j:ChargeDispositionType" w:isRequested="true">
    <w:ElementInType w:name="j:ChargeDispositionAugmentationPoint"
      w:isReference="false" w:minOccurs="0" w:maxOccurs="unbounded"/>
  </w:Type>
  <w:Type w:name="j:ChargeType" w:isRequested="true">
    <w:ElementInType w:name="j:ChargeCategoryDescriptionText"
      w:isReference="false" w:minOccurs="0" w:maxOccurs="unbounded"/>
    <w:ElementInType w:name="j:ChargeCountQuantity"
      w:isReference="false" w:minOccurs="0" w:maxOccurs="unbounded"/>
    <w:ElementInType w:name="j:ChargeDescriptionText"
      w:isReference="false" w:minOccurs="0" w:maxOccurs="unbounded"/>
    <w:ElementInType w:name="j:ChargeDisposition" w:isReference="false"
      w:minOccurs="0" w:maxOccurs="unbounded"/>
    <w:ElementInType w:name="j:ChargeOriginatorEntity"
      w:isReference="false" w:minOccurs="0" w:maxOccurs="unbounded"/>
    <w:ElementInType w:name="j:ChargeIdentification"
      w:isReference="false" w:minOccurs="0" w:maxOccurs="unbounded"/>
    <w:ElementInType w:name="j:ChargePlea" w:isReference="false"
      w:minOccurs="0" w:maxOccurs="unbounded"/>
    <w:ElementInType w:name="j:ChargeSentence" w:isReference="false"
      w:minOccurs="0" w:maxOccurs="unbounded"/>
    <w:ElementInType w:name="j:ChargeSequenceID" w:isReference="false"
      w:minOccurs="0" w:maxOccurs="unbounded"/>
    <w:ElementInType w:name="j:ChargeSeverityLevel"
      w:isReference="false" w:minOccurs="0" w:maxOccurs="unbounded"/>
    <w:ElementInType w:name="j:ChargeSeverityText" w:isReference="false"
      w:minOccurs="0" w:maxOccurs="unbounded"/>
    <w:ElementInType w:name="j:ChargeStatute" w:isReference="false"
      w:minOccurs="0" w:maxOccurs="unbounded"/>
    <w:ElementInType w:name="j:ChargeTrackingIdentification"
      w:isReference="false" w:minOccurs="0" w:maxOccurs="unbounded"/>
    <w:ElementInType w:name="j:ChargeCategory" w:isReference="false"
      w:minOccurs="0" w:maxOccurs="unbounded"/>
    <w:ElementInType w:name="j:ChargeAugmentationPoint"
      w:isReference="false" w:minOccurs="0" w:maxOccurs="unbounded"/>
  </w:Type>
  <w:Type w:name="j:ConvictionType" w:isRequested="false">
    <w:ElementInType w:name="j:ConvictionOffense" w:isReference="false"
      w:minOccurs="0" w:maxOccurs="unbounded"/>
  </w:Type>
  <w:Type w:name="j:CourtAppearanceType" w:isRequested="false">
    <w:ElementInType w:name="j:CourtAppearanceDate"
      w:isReference="false" w:minOccurs="0" w:maxOccurs="unbounded"/>
    <w:ElementInType w:name="j:CourtAppearanceAugmentationPoint"
      w:isReference="false" w:minOccurs="0" w:maxOccurs="unbounded"/>
  </w:Type>
  <w:Type w:name="j:CourtEventType" w:isRequested="true">
    <w:ElementInType w:name="j:CourtEventAppearance"
      w:isReference="false" w:minOccurs="0" w:maxOccurs="unbounded"/>
    <w:ElementInType w:name="j:CourtEventAugmentationPoint"
      w:isReference="false" w:minOccurs="0" w:maxOccurs="unbounded"/>
  </w:Type>
  <w:Type w:name="j:CourtType" w:isRequested="false">
    <w:ElementInType w:name="j:CourtName" w:isReference="false"
      w:minOccurs="0" w:maxOccurs="unbounded"/>
    <w:ElementInType w:name="j:CourtAugmentationPoint"
      w:isReference="false" w:minOccurs="0" w:maxOccurs="unbounded"/>
  </w:Type>
  <w:Type w:name="j:JudicialOfficialType" w:isRequested="true">
    <w:ElementInType w:name="nc:RoleOfPerson" w:isReference="false"
      w:minOccurs="0" w:maxOccurs="unbounded"/>
    <w:ElementInType
      w:name="j:JudicialOfficialRegistrationIdentification"
      w:isReference="false" w:minOccurs="0" w:maxOccurs="unbounded"/>
  </w:Type>
  <w:Type w:name="j:OffenseArrestAssociationType" w:isRequested="false">
    <w:ElementInType w:name="j:Offense" w:isReference="false"
      w:minOccurs="0" w:maxOccurs="unbounded"/>
    <w:ElementInType w:name="j:Arrest" w:isReference="false"
      w:minOccurs="0" w:maxOccurs="unbounded"/>
  </w:Type>
  <w:Type w:name="j:OffenseChargeAssociationType" w:isRequested="false">
    <w:ElementInType w:name="j:Offense" w:isReference="false"
      w:minOccurs="0" w:maxOccurs="unbounded"/>
    <w:ElementInType w:name="j:Charge" w:isReference="false"
      w:minOccurs="0" w:maxOccurs="unbounded"/>
  </w:Type>
  <w:Type w:name="j:OffenseDispositionAssociationType" w:isRequested="false">
    <w:ElementInType w:name="j:Offense" w:isReference="false"
      w:minOccurs="0" w:maxOccurs="unbounded"/>
    <w:ElementInType w:name="nc:Disposition" w:isReference="false"
      w:minOccurs="0" w:maxOccurs="unbounded"/>
  </w:Type>
  <w:Type w:name="j:OffenseType" w:isRequested="true">
    <w:ElementInType w:name="j:OffenseDesignation" w:isReference="false"
      w:minOccurs="0" w:maxOccurs="unbounded"/>
    <w:ElementInType w:name="j:OffenseCategory" w:isReference="false"
      w:minOccurs="0" w:maxOccurs="unbounded"/>
    <w:ElementInType w:name="j:OffenseViolatedStatute"
      w:isReference="false" w:minOccurs="0" w:maxOccurs="unbounded"/>
    <w:ElementInType w:name="j:OffenseLevel" w:isReference="false"
      w:minOccurs="0" w:maxOccurs="unbounded"/>
    <w:ElementInType w:name="j:OffenseAugmentationPoint"
      w:isReference="false" w:minOccurs="0" w:maxOccurs="unbounded"/>
  </w:Type>
  <w:Type w:name="j:OrganizationAugmentationType" w:isRequested="false">
    <w:ElementInType w:name="j:OrganizationIdentification"
      w:isReference="false" w:minOccurs="0" w:maxOccurs="unbounded"/>
  </w:Type>
  <w:Type w:name="j:PersonAugmentationType" w:isRequested="false">
    <w:ElementInType w:name="j:PersonAgeMeasure" w:isReference="false"
      w:minOccurs="0" w:maxOccurs="unbounded"/>
  </w:Type>
  <w:Type w:name="j:PersonChargeAssociationType" w:isRequested="false">
    <w:ElementInType w:name="nc:Person" w:isReference="false"
      w:minOccurs="0" w:maxOccurs="unbounded"/>
    <w:ElementInType w:name="j:Charge" w:isReference="false"
      w:minOccurs="0" w:maxOccurs="unbounded"/>
  </w:Type>
  <w:Type w:name="j:PleaType" w:isRequested="false">
    <w:ElementInType w:name="j:PleaAugmentationPoint"
      w:isReference="false" w:minOccurs="0" w:maxOccurs="unbounded"/>
  </w:Type>
  <w:Type w:name="j:PresentenceInvestigationType" w:isRequested="false">
    <w:ElementInType
      w:name="j:PresentenceInvestigationAugmentationPoint"
      w:isReference="false" w:minOccurs="0" w:maxOccurs="unbounded"/>
  </w:Type>
  <w:Type w:name="j:PretrialInvestigationType" w:isRequested="false">
    <w:ElementInType w:name="j:PretrialReleaseStatus"
      w:isReference="false" w:minOccurs="0" w:maxOccurs="unbounded"/>
    <w:ElementInType w:name="j:PretrialInvestigationAugmentationPoint"
      w:isReference="false" w:minOccurs="0" w:maxOccurs="unbounded"/>
  </w:Type>
  <w:Type w:name="j:RegisteredOffenderType" w:isRequested="true">
    <w:ElementInType w:name="nc:RoleOfPerson" w:isReference="false"
      w:minOccurs="0" w:maxOccurs="unbounded"/>
    <w:ElementInType w:name="j:RegisteredOffenderIdentification"
      w:isReference="false" w:minOccurs="0" w:maxOccurs="unbounded"/>
  </w:Type>
  <w:Type w:name="j:SentenceType" w:isRequested="true">
    <w:ElementInType w:name="j:SentenceCharge" w:isReference="false"
      w:minOccurs="0" w:maxOccurs="unbounded"/>
    <w:ElementInType w:name="j:SentenceCondition" w:isReference="false"
      w:minOccurs="0" w:maxOccurs="unbounded"/>
    <w:ElementInType w:name="j:SentenceDeferredTerm"
      w:isReference="false" w:minOccurs="0" w:maxOccurs="unbounded"/>
    <w:ElementInType w:name="j:SentenceGroupingText"
      w:isReference="false" w:minOccurs="0" w:maxOccurs="unbounded"/>
    <w:ElementInType w:name="j:SentenceIssuerEntity"
      w:isReference="false" w:minOccurs="0" w:maxOccurs="unbounded"/>
    <w:ElementInType w:name="j:SentenceSuspendedIndicator"
      w:isReference="false" w:minOccurs="0" w:maxOccurs="unbounded"/>
    <w:ElementInType w:name="j:SentenceTerm" w:isReference="false"
      w:minOccurs="0" w:maxOccurs="unbounded"/>
    <w:ElementInType w:name="j:SupervisionFineAmount"
      w:isReference="false" w:minOccurs="0" w:maxOccurs="unbounded"/>
    <w:ElementInType w:name="j:SentenceAugmentationPoint"
      w:isReference="false" w:minOccurs="0" w:maxOccurs="unbounded"/>
  </w:Type>
  <w:Type w:name="j:SeverityLevelType" w:isRequested="false">
    <w:ElementInType w:name="j:SeverityLevelDescriptionText"
      w:isReference="false" w:minOccurs="0" w:maxOccurs="unbounded"/>
  </w:Type>
  <w:Type w:name="j:StatuteType" w:isRequested="false">
    <w:ElementInType w:name="j:StatuteCodeIdentification"
      w:isReference="false" w:minOccurs="0" w:maxOccurs="unbounded"/>
    <w:ElementInType w:name="j:StatuteCodeSectionIdentification"
      w:isReference="false" w:minOccurs="0" w:maxOccurs="unbounded"/>
    <w:ElementInType w:name="j:StatuteOffenseIdentification"
      w:isReference="false" w:minOccurs="0" w:maxOccurs="unbounded"/>
  </w:Type>
  <w:Type w:name="j:SubjectType" w:isRequested="false">
    <w:ElementInType w:name="nc:RoleOfPerson" w:isReference="false"
      w:minOccurs="0" w:maxOccurs="unbounded"/>
    <w:ElementInType w:name="j:SubjectIdentification"
      w:isReference="false" w:minOccurs="0" w:maxOccurs="unbounded"/>
    <w:ElementInType w:name="j:SubjectAugmentationPoint"
      w:isReference="false" w:minOccurs="0" w:maxOccurs="unbounded"/>
  </w:Type>
  <w:Type w:name="j:TermType" w:isRequested="false">
    <w:ElementInType w:name="j:TermDuration" w:isReference="false"
      w:minOccurs="0" w:maxOccurs="unbounded"/>
    <w:ElementInType w:name="j:TermLifeIndicator" w:isReference="false"
      w:minOccurs="0" w:maxOccurs="unbounded"/>
    <w:ElementInType w:name="j:TermMaximumDuration"
      w:isReference="false" w:minOccurs="0" w:maxOccurs="unbounded"/>
    <w:ElementInType w:name="j:TermMinimumDuration"
      w:isReference="false" w:minOccurs="0" w:maxOccurs="unbounded"/>
    <w:ElementInType w:name="j:TermAugmentationPoint"
      w:isReference="false" w:minOccurs="0" w:maxOccurs="unbounded"/>
  </w:Type>
  <w:Type w:name="nc:ActivityPersonAssociationType" w:isRequested="false">
    <w:ElementInType w:name="nc:Activity" w:isReference="false"
      w:minOccurs="0" w:maxOccurs="unbounded"/>
    <w:ElementInType w:name="nc:Person" w:isReference="false"
      w:minOccurs="0" w:maxOccurs="unbounded"/>
  </w:Type>
  <w:Type w:name="nc:ActivityType" w:isRequested="true">
    <w:ElementInType w:name="nc:ActivityIdentification"
      w:isReference="false" w:minOccurs="0" w:maxOccurs="unbounded"/>
    <w:ElementInType w:name="nc:ActivityCategoryText"
      w:isReference="false" w:minOccurs="0" w:maxOccurs="unbounded"/>
    <w:ElementInType w:name="nc:ActivityDateRepresentation"
      w:isReference="false" w:minOccurs="0" w:maxOccurs="unbounded"/>
    <w:ElementInType w:name="nc:ActivityDescriptionText"
      w:isReference="false" w:minOccurs="0" w:maxOccurs="unbounded"/>
    <w:ElementInType w:name="nc:ActivityName" w:isReference="false"
      w:minOccurs="0" w:maxOccurs="unbounded"/>
    <w:ElementInType w:name="nc:ActivityStatus" w:isReference="false"
      w:minOccurs="0" w:maxOccurs="unbounded"/>
    <w:ElementInType w:name="nc:ActivityAugmentationPoint"
      w:isReference="false" w:minOccurs="0" w:maxOccurs="unbounded"/>
  </w:Type>
  <w:Type w:name="nc:AddressType" w:isRequested="false">
    <w:ElementInType w:name="nc:LocationCityName" w:isReference="false"
      w:minOccurs="0" w:maxOccurs="unbounded"/>
    <w:ElementInType w:name="nc:LocationCounty" w:isReference="false"
      w:minOccurs="0" w:maxOccurs="unbounded"/>
    <w:ElementInType w:name="nc:LocationPostalCode"
      w:isReference="false" w:minOccurs="0" w:maxOccurs="unbounded"/>
  </w:Type>
  <w:Type w:name="nc:AmountType" w:isRequested="false">
    <w:ElementInType w:name="nc:Amount" w:isReference="false"
      w:minOccurs="0" w:maxOccurs="unbounded"/>
    <w:ElementInType w:name="nc:AmountAugmentationPoint"
      w:isReference="false" w:minOccurs="0" w:maxOccurs="unbounded"/>
  </w:Type>
  <w:Type w:name="nc:CaseType" w:isRequested="true">
    <w:ElementInType w:name="nc:CaseDocketID" w:isReference="false"
      w:minOccurs="0" w:maxOccurs="unbounded"/>
    <w:ElementInType w:name="nc:CaseAugmentationPoint"
      w:isReference="false" w:minOccurs="0" w:maxOccurs="unbounded"/>
  </w:Type>
  <w:Type w:name="nc:ConditionType" w:isRequested="true">
    <w:ElementInType w:name="nc:ConditionDisciplinaryAction"
      w:isReference="false" w:minOccurs="0" w:maxOccurs="unbounded"/>
    <w:ElementInType w:name="nc:ConditionAugmentationPoint"
      w:isReference="false" w:minOccurs="0" w:maxOccurs="unbounded"/>
  </w:Type>
  <w:Type w:name="nc:DateType" w:isRequested="false">
    <w:ElementInType w:name="nc:DateRepresentation"
      w:isReference="false" w:minOccurs="0" w:maxOccurs="unbounded"/>
  </w:Type>
  <w:Type w:name="nc:DisciplinaryActionType" w:isRequested="true">
    <w:ElementInType w:name="nc:DisciplinaryActionFee"
      w:isReference="false" w:minOccurs="0" w:maxOccurs="unbounded"/>
    <w:ElementInType w:name="nc:DisciplinaryActionRestitution"
      w:isReference="false" w:minOccurs="0" w:maxOccurs="unbounded"/>
  </w:Type>
  <w:Type w:name="nc:DispositionType" w:isRequested="true">
    <w:ElementInType w:name="nc:DispositionCategory"
      w:isReference="false" w:minOccurs="0" w:maxOccurs="unbounded"/>
    <w:ElementInType w:name="nc:DispositionEntity" w:isReference="false"
      w:minOccurs="0" w:maxOccurs="unbounded"/>
    <w:ElementInType w:name="nc:DispositionDate" w:isReference="false"
      w:minOccurs="0" w:maxOccurs="unbounded"/>
    <w:ElementInType w:name="nc:DispositionDescriptionText"
      w:isReference="false" w:minOccurs="0" w:maxOccurs="unbounded"/>
    <w:ElementInType w:name="nc:DispositionText" w:isReference="false"
      w:minOccurs="0" w:maxOccurs="unbounded"/>
    <w:ElementInType w:name="nc:DispositionAugmentationPoint"
      w:isReference="false" w:minOccurs="0" w:maxOccurs="unbounded"/>
  </w:Type>
  <w:Type w:name="nc:DocumentType" w:isRequested="true">
    <w:ElementInType w:name="nc:DocumentCategory" w:isReference="false"
      w:minOccurs="0" w:maxOccurs="unbounded"/>
    <w:ElementInType w:name="nc:DocumentCreationDate"
      w:isReference="false" w:minOccurs="0" w:maxOccurs="unbounded"/>
    <w:ElementInType w:name="nc:DocumentIdentification"
      w:isReference="false" w:minOccurs="0" w:maxOccurs="unbounded"/>
    <w:ElementInType w:name="nc:DocumentLastModifiedDate"
      w:isReference="false" w:minOccurs="0" w:maxOccurs="unbounded"/>
    <w:ElementInType w:name="nc:DocumentSource" w:isReference="false"
      w:minOccurs="0" w:maxOccurs="unbounded"/>
    <w:ElementInType w:name="nc:DocumentAugmentationPoint"
      w:isReference="false" w:minOccurs="0" w:maxOccurs="unbounded"/>
  </w:Type>
  <w:Type w:name="nc:EntityType" w:isRequested="false">
    <w:ElementInType w:name="nc:EntityRepresentation"
      w:isReference="false" w:minOccurs="0" w:maxOccurs="unbounded"/>
  </w:Type>
  <w:Type w:name="nc:IdentificationType" w:isRequested="false">
    <w:ElementInType w:name="nc:IdentificationID" w:isReference="false"
      w:minOccurs="0" w:maxOccurs="unbounded"/>
    <w:ElementInType w:name="nc:IdentificationCategory"
      w:isReference="false" w:minOccurs="0" w:maxOccurs="unbounded"/>
    <w:ElementInType w:name="nc:IdentificationAugmentationPoint"
      w:isReference="false" w:minOccurs="0" w:maxOccurs="unbounded"/>
  </w:Type>
  <w:Type w:name="nc:IdentityType" w:isRequested="false">
    <w:ElementInType w:name="nc:IdentityPersonRepresentation"
      w:isReference="false" w:minOccurs="0" w:maxOccurs="unbounded"/>
    <w:ElementInType w:name="nc:IdentityAugmentationPoint"
      w:isReference="false" w:minOccurs="0" w:maxOccurs="unbounded"/>
  </w:Type>
  <w:Type w:name="nc:IncidentType" w:isRequested="true">
    <w:ElementInType w:name="nc:IncidentAugmentationPoint"
      w:isReference="false" w:minOccurs="0" w:maxOccurs="unbounded"/>
  </w:Type>
  <w:Type w:name="nc:LocationType" w:isRequested="false">
    <w:ElementInType w:name="nc:LocationAddressAbstract"
      w:isReference="false" w:minOccurs="0" w:maxOccurs="unbounded"/>
    <w:ElementInType w:name="nc:LocationDescriptionText"
      w:isReference="false" w:minOccurs="0" w:maxOccurs="unbounded"/>
    <w:ElementInType w:name="nc:LocationName" w:isReference="false"
      w:minOccurs="0" w:maxOccurs="unbounded"/>
    <w:ElementInType w:name="nc:LocationIdentification"
      w:isReference="false" w:minOccurs="0" w:maxOccurs="unbounded"/>
  </w:Type>
  <w:Type w:name="nc:MeasureType" w:isRequested="false">
    <w:ElementInType w:name="nc:MeasureValue" w:isReference="false"
      w:minOccurs="0" w:maxOccurs="unbounded"/>
    <w:ElementInType w:name="nc:MeasureUnit" w:isReference="false"
      w:minOccurs="0" w:maxOccurs="unbounded"/>
  </w:Type>
  <w:Type w:name="nc:ObligationExemptionType" w:isRequested="false">
    <w:ElementInType w:name="nc:FinancialObligationExemptionAmount"
      w:isReference="false" w:minOccurs="0" w:maxOccurs="unbounded"/>
  </w:Type>
  <w:Type w:name="nc:ObligationType" w:isRequested="true">
    <w:ElementInType w:name="nc:ObligationDue" w:isReference="false"
      w:minOccurs="0" w:maxOccurs="unbounded"/>
    <w:ElementInType w:name="nc:ObligationDueDate" w:isReference="false"
      w:minOccurs="0" w:maxOccurs="unbounded"/>
    <w:ElementInType w:name="nc:ObligationExemption"
      w:isReference="false" w:minOccurs="0" w:maxOccurs="unbounded"/>
    <w:ElementInType w:name="nc:ObligationExemptionIndicator"
      w:isReference="false" w:minOccurs="0" w:maxOccurs="unbounded"/>
    <w:ElementInType w:name="nc:ObligationCategoryText"
      w:isReference="false" w:minOccurs="0" w:maxOccurs="unbounded"/>
    <w:ElementInType w:name="nc:ObligationAugmentationPoint"
      w:isReference="false" w:minOccurs="0" w:maxOccurs="unbounded"/>
  </w:Type>
  <w:Type w:name="nc:OrganizationType" w:isRequested="true">
    <w:ElementInType w:name="nc:OrganizationIdentification"
      w:isReference="false" w:minOccurs="0" w:maxOccurs="unbounded"/>
    <w:ElementInType w:name="nc:OrganizationLocation"
      w:isReference="false" w:minOccurs="0" w:maxOccurs="unbounded"/>
    <w:ElementInType w:name="nc:OrganizationAugmentationPoint"
      w:isReference="false" w:minOccurs="0" w:maxOccurs="unbounded"/>
  </w:Type>
  <w:Type w:name="nc:PersonIdentityAssociationType" w:isRequested="false">
    <w:ElementInType w:name="nc:Person" w:isReference="false"
      w:minOccurs="0" w:maxOccurs="unbounded"/>
    <w:ElementInType w:name="nc:Identity" w:isReference="false"
      w:minOccurs="0" w:maxOccurs="unbounded"/>
  </w:Type>
  <w:Type w:name="nc:PersonLocationAssociationType" w:isRequested="true">
    <w:ElementInType w:name="nc:Person" w:isReference="false"
      w:minOccurs="0" w:maxOccurs="unbounded"/>
    <w:ElementInType w:name="nc:Location" w:isReference="false"
      w:minOccurs="0" w:maxOccurs="unbounded"/>
  </w:Type>
  <w:Type w:name="nc:PersonNameType" w:isRequested="false">
    <w:ElementInType w:name="nc:PersonGivenName" w:isReference="false"
      w:minOccurs="0" w:maxOccurs="unbounded"/>
    <w:ElementInType w:name="nc:PersonMiddleName" w:isReference="false"
      w:minOccurs="0" w:maxOccurs="unbounded"/>
    <w:ElementInType w:name="nc:PersonSurName" w:isReference="false"
      w:minOccurs="0" w:maxOccurs="unbounded"/>
    <w:ElementInType w:name="nc:PersonNameSuffixText"
      w:isReference="false" w:minOccurs="0" w:maxOccurs="unbounded"/>
    <w:ElementInType w:name="nc:PersonFullName" w:isReference="false"
      w:minOccurs="0" w:maxOccurs="unbounded"/>
  </w:Type>
  <w:Type w:name="nc:PersonType" w:isRequested="false">
    <w:ElementInType w:name="nc:PersonAgeMeasure" w:isReference="false"
      w:minOccurs="0" w:maxOccurs="unbounded"/>
    <w:ElementInType w:name="nc:PersonBirthDate" w:isReference="false"
      w:minOccurs="0" w:maxOccurs="unbounded"/>
    <w:ElementInType w:name="nc:PersonBirthLocation"
      w:isReference="false" w:minOccurs="0" w:maxOccurs="unbounded"/>
    <w:ElementInType w:name="nc:PersonDescriptionText"
      w:isReference="false" w:minOccurs="0" w:maxOccurs="unbounded"/>
    <w:ElementInType w:name="nc:PersonName" w:isReference="false"
      w:minOccurs="0" w:maxOccurs="unbounded"/>
    <w:ElementInType w:name="nc:PersonRace" w:isReference="false"
      w:minOccurs="0" w:maxOccurs="unbounded"/>
    <w:ElementInType w:name="nc:PersonResident" w:isReference="false"
      w:minOccurs="0" w:maxOccurs="unbounded"/>
    <w:ElementInType w:name="nc:PersonSSNIdentification"
      w:isReference="false" w:minOccurs="0" w:maxOccurs="unbounded"/>
    <w:ElementInType w:name="nc:PersonStateIdentification"
      w:isReference="false" w:minOccurs="0" w:maxOccurs="unbounded"/>
    <w:ElementInType w:name="nc:PersonAugmentationPoint"
      w:isReference="false" w:minOccurs="0" w:maxOccurs="unbounded"/>
  </w:Type>
  <w:Type w:name="nc:ProgramType" w:isRequested="false">
    <w:ElementInType w:name="nc:ProgramAugmentationPoint"
      w:isReference="false" w:minOccurs="0" w:maxOccurs="unbounded"/>
  </w:Type>
  <w:Type w:name="nc:StatusType" w:isRequested="false">
    <w:ElementInType w:name="nc:StatusAugmentationPoint"
      w:isReference="false" w:minOccurs="0" w:maxOccurs="unbounded"/>
  </w:Type>
  <w:Type w:name="nc:SystemIdentificationType" w:isRequested="true">
    <w:ElementInType w:name="nc:SystemName" w:isReference="false"
      w:minOccurs="0" w:maxOccurs="1"/>
    <w:ElementInType w:name="nc:SystemIdentificationAugmentationPoint"
      w:isReference="false" w:minOccurs="0" w:maxOccurs="1"/>
  </w:Type>
  <w:Type w:name="ncic:RACCodeSimpleType" w:isRequested="false">
    <w:Facet w:facet="enumeration" w:value="A"/>
    <w:Facet w:facet="enumeration" w:value="B"/>
    <w:Facet w:facet="enumeration" w:value="I"/>
    <w:Facet w:facet="enumeration" w:value="U"/>
    <w:Facet w:facet="enumeration" w:value="W"/>
  </w:Type>
  <w:Type w:name="ndex:ChargeCategoryCodeSimpleType" w:isRequested="false">
    <w:Facet w:facet="enumeration" w:value="COMPLAINT"/>
    <w:Facet w:facet="enumeration" w:value="INDICTMENT"/>
    <w:Facet w:facet="enumeration" w:value="INFORMATION"/>
  </w:Type>
</w:WantList>
